dataset,train_per_class,train_rows,test_per_class_cap,test_rows,seed,test_selection_seed,schedule,schedule_family,learning_rate,eta0,accuracy,macro_f1,log_loss,fit_seconds,n_iter,convergence_warning_count
ag_news,16,64,500,2000,14,20260830,constant_001,constant,constant,0.001,0.489,0.4829783954908062,1.3857232874024872,0.0050146860000950255,6,0
ag_news,16,64,500,2000,14,20260830,invscaling_001,invscaling,invscaling,0.001,0.502,0.4890522209984618,1.3862360930089765,0.0048333220001950394,6,0
ag_news,16,64,500,2000,14,20260830,adaptive_001,adaptive,adaptive,0.001,0.4895,0.4837537527623728,1.3856039271875566,0.00491243100009342,31,0
ag_news,16,64,500,2000,14,20260830,optimal_builtin,optimal,optimal,0.001,0.469,0.46970636280104777,2.292220231666199,0.004576940999868384,9,0
ag_news,16,64,500,2000,14,20260830,constant_01,constant,constant,0.01,0.498,0.4972799266296115,1.2553225979125773,0.006609278000041741,163,0
ag_news,16,64,500,2000,14,20260830,adaptive_01,adaptive,adaptive,0.01,0.498,0.4972799266296115,1.254699606980108,0.00768703100015955,193,0
ag_news,16,64,500,2000,52,20260830,constant_001,constant,constant,0.001,0.4875,0.4744094022378612,1.3856453267139255,0.004442803000074491,6,0
ag_news,16,64,500,2000,52,20260830,invscaling_001,invscaling,invscaling,0.001,0.44,0.4065548941815867,1.3862309679988147,0.004572453000037058,6,0
ag_news,16,64,500,2000,52,20260830,adaptive_001,adaptive,adaptive,0.001,0.4875,0.4744094022378612,1.385509706282061,0.0407420839999304,31,0
ag_news,16,64,500,2000,52,20260830,optimal_builtin,optimal,optimal,0.001,0.475,0.4741928205951319,2.21791848371153,0.004427844000019832,10,0
ag_news,16,64,500,2000,52,20260830,constant_01,constant,constant,0.01,0.498,0.49262810196633794,1.241486076419782,0.006870203000062247,171,0
ag_news,16,64,500,2000,52,20260830,adaptive_01,adaptive,adaptive,0.01,0.498,0.49262810196633794,1.24083691752534,0.007239303000005748,201,0
ag_news,16,64,500,2000,88,20260830,constant_001,constant,constant,0.001,0.4695,0.4517206468183892,1.3856963213853264,0.004156831000045713,6,0
ag_news,16,64,500,2000,88,20260830,invscaling_001,invscaling,invscaling,0.001,0.453,0.42226658501508796,1.3862342883445158,0.004215874000010444,6,0
ag_news,16,64,500,2000,88,20260830,adaptive_001,adaptive,adaptive,0.001,0.4695,0.4517206468183892,1.3855713714669533,0.004795094999963112,31,0
ag_news,16,64,500,2000,88,20260830,optimal_builtin,optimal,optimal,0.001,0.465,0.4577270954087728,2.327192442270901,0.004139015999953699,10,0
ag_news,16,64,500,2000,88,20260830,constant_01,constant,constant,0.01,0.486,0.4745808767951625,1.2573811050965864,0.006592781999870567,165,0
ag_news,16,64,500,2000,88,20260830,adaptive_01,adaptive,adaptive,0.01,0.486,0.4745808767951625,1.2568282333555203,0.006667493999884755,195,0
ag_news,16,64,500,2000,121,20260830,constant_001,constant,constant,0.001,0.4695,0.4638181678879384,1.3857773609599873,0.004327664000129516,6,0
ag_news,16,64,500,2000,121,20260830,invscaling_001,invscaling,invscaling,0.001,0.4625,0.4596143000687849,1.3862445197903523,0.004379408999966472,6,0
ag_news,16,64,500,2000,121,20260830,adaptive_001,adaptive,adaptive,0.001,0.4695,0.4638181678879384,1.38566930994948,0.004657550000047195,31,0
ag_news,16,64,500,2000,121,20260830,optimal_builtin,optimal,optimal,0.001,0.455,0.4511485821808447,2.402008283910468,0.004394665000063469,9,0
ag_news,16,64,500,2000,121,20260830,constant_01,constant,constant,0.01,0.4815,0.4808372003129207,1.2656063335266163,0.006398794000006092,168,0
ag_news,16,64,500,2000,121,20260830,adaptive_01,adaptive,adaptive,0.01,0.4815,0.4808372003129207,1.2650123368705748,0.007018319000053452,198,0
ag_news,16,64,500,2000,169,20260830,constant_001,constant,constant,0.001,0.557,0.5464955603942734,1.3855637921222983,0.00419036700009201,6,0
ag_news,16,64,500,2000,169,20260830,invscaling_001,invscaling,invscaling,0.001,0.559,0.5507683383926112,1.3862220220685626,0.004526720000058049,6,0
ag_news,16,64,500,2000,169,20260830,adaptive_001,adaptive,adaptive,0.001,0.557,0.5464955603942734,1.3854111874397412,0.004755100000011225,31,0
ag_news,16,64,500,2000,169,20260830,optimal_builtin,optimal,optimal,0.001,0.5235,0.52206883520505,1.7909473377819687,0.004557348999924216,9,0
ag_news,16,64,500,2000,169,20260830,constant_01,constant,constant,0.01,0.5675,0.5613919562796161,1.2117204275741364,0.00653445200009628,170,0
ag_news,16,64,500,2000,169,20260830,adaptive_01,adaptive,adaptive,0.01,0.567,0.5609663561857376,1.210892200524734,0.0073730320000322536,200,0
ag_news,16,64,500,2000,203,20260830,constant_001,constant,constant,0.001,0.49,0.4849536856739,1.3856171956043348,0.004389495000168608,6,0
ag_news,16,64,500,2000,203,20260830,invscaling_001,invscaling,invscaling,0.001,0.4485,0.4303820157097669,1.3862294208985777,0.004421876999913366,6,0
ag_news,16,64,500,2000,203,20260830,adaptive_001,adaptive,adaptive,0.001,0.49,0.4849536856739,1.3854757318541118,0.005150103999994826,31,0
ag_news,16,64,500,2000,203,20260830,optimal_builtin,optimal,optimal,0.001,0.4925,0.49464873551184113,2.0427869194728556,0.004500237999991441,9,0
ag_news,16,64,500,2000,203,20260830,constant_01,constant,constant,0.01,0.5005,0.49867054782983694,1.2313562895966133,0.006576840999969136,167,0
ag_news,16,64,500,2000,203,20260830,adaptive_01,adaptive,adaptive,0.01,0.5005,0.49867054782983694,1.2306564444196375,0.006996820000040316,197,0
ag_news,16,64,500,2000,247,20260830,constant_001,constant,constant,0.001,0.4825,0.474350171974451,1.3856532348991595,0.004351618000100643,6,0
ag_news,16,64,500,2000,247,20260830,invscaling_001,invscaling,invscaling,0.001,0.476,0.4474966985901011,1.3862319526032107,0.004440597999973761,6,0
ag_news,16,64,500,2000,247,20260830,adaptive_001,adaptive,adaptive,0.001,0.4825,0.474350171974451,1.3855193110108153,0.00467646600009175,31,0
ag_news,16,64,500,2000,247,20260830,optimal_builtin,optimal,optimal,0.001,0.473,0.4707560394424627,2.350686162813413,0.004382486999929824,9,0
ag_news,16,64,500,2000,247,20260830,constant_01,constant,constant,0.01,0.488,0.4820086833419648,1.2479722204197818,0.006685034999918571,167,0
ag_news,16,64,500,2000,247,20260830,adaptive_01,adaptive,adaptive,0.01,0.488,0.4820086833419648,1.2473979797017114,0.006956556000204728,197,0
ag_news,16,64,500,2000,314,20260830,constant_001,constant,constant,0.001,0.484,0.4734029086207693,1.3857954546039526,0.00482517899990853,6,0
ag_news,16,64,500,2000,314,20260830,invscaling_001,invscaling,invscaling,0.001,0.4095,0.3474061388346509,1.3862448535214464,0.004329542999812475,6,0
ag_news,16,64,500,2000,314,20260830,adaptive_001,adaptive,adaptive,0.001,0.484,0.4734029086207693,1.385691139999915,0.00471139299997958,31,0
ag_news,16,64,500,2000,314,20260830,optimal_builtin,optimal,optimal,0.001,0.4755,0.474056597819303,2.312063666550833,0.004364415000054578,9,0
ag_news,16,64,500,2000,314,20260830,constant_01,constant,constant,0.01,0.4915,0.48587380788633416,1.2708562982605458,0.006357421000075192,157,0
ag_news,16,64,500,2000,314,20260830,adaptive_01,adaptive,adaptive,0.01,0.4905,0.4847774186095538,1.270161971116485,0.006599637000135772,187,0
ag_news,16,64,500,2000,415,20260830,constant_001,constant,constant,0.001,0.5045,0.479332605538338,1.3856046913782203,0.004355116999931852,6,0
ag_news,16,64,500,2000,415,20260830,invscaling_001,invscaling,invscaling,0.001,0.508,0.5027095120947761,1.3862275270187387,0.004283122999822808,6,0
ag_news,16,64,500,2000,415,20260830,adaptive_001,adaptive,adaptive,0.001,0.5045,0.479332605538338,1.3854605935591247,0.004890980000027412,31,0
ag_news,16,64,500,2000,415,20260830,optimal_builtin,optimal,optimal,0.001,0.517,0.5147963068284684,1.898543729996403,0.00452792999999474,9,0
ag_news,16,64,500,2000,415,20260830,constant_01,constant,constant,0.01,0.524,0.5114516083421835,1.224957135214519,0.006922753000026205,175,0
ag_news,16,64,500,2000,415,20260830,adaptive_01,adaptive,adaptive,0.01,0.524,0.5114516083421835,1.2242391524179361,0.006842829000106576,205,0
ag_news,16,64,500,2000,509,20260830,constant_001,constant,constant,0.001,0.5395,0.5241425198156373,1.3856240885054143,0.004451703000086127,6,0
ag_news,16,64,500,2000,509,20260830,invscaling_001,invscaling,invscaling,0.001,0.5095,0.5071635244153934,1.3862307251903851,0.004441009999936796,6,0
ag_news,16,64,500,2000,509,20260830,adaptive_001,adaptive,adaptive,0.001,0.5395,0.5241425198156373,1.3854840676402045,0.004701495000063005,31,0
ag_news,16,64,500,2000,509,20260830,optimal_builtin,optimal,optimal,0.001,0.495,0.492695384914421,1.9839248414843824,0.004488580999804981,10,0
ag_news,16,64,500,2000,509,20260830,constant_01,constant,constant,0.01,0.546,0.5408183463711109,1.2300991267691739,0.0065969229999609524,169,0
ag_news,16,64,500,2000,509,20260830,adaptive_01,adaptive,adaptive,0.01,0.546,0.5408183463711109,1.2293566578387685,0.0075772360000883054,199,0
ag_news,32,128,500,2000,14,20260830,constant_001,constant,constant,0.001,0.642,0.6399068734030186,1.3851666895498478,0.006816415999992387,6,0
ag_news,32,128,500,2000,14,20260830,invscaling_001,invscaling,invscaling,0.001,0.626,0.6227672028353802,1.3862157049609545,0.006754610000143657,6,0
ag_news,32,128,500,2000,14,20260830,adaptive_001,adaptive,adaptive,0.001,0.6425,0.6403982949214297,1.384930547416609,0.007602276000170605,31,0
ag_news,32,128,500,2000,14,20260830,optimal_builtin,optimal,optimal,0.001,0.6075,0.6064392776745207,1.3399065813526412,0.007035215000087192,9,0
ag_news,32,128,500,2000,14,20260830,constant_01,constant,constant,0.01,0.6455,0.6445285857850918,1.1290883801065354,0.011876098000129787,167,0
ag_news,32,128,500,2000,14,20260830,adaptive_01,adaptive,adaptive,0.01,0.6455,0.6445394031809044,1.127889924652622,0.012837248999858275,197,0
ag_news,32,128,500,2000,52,20260830,constant_001,constant,constant,0.001,0.589,0.5801086792315594,1.3851731092967972,0.006726825999976427,6,0
ag_news,32,128,500,2000,52,20260830,invscaling_001,invscaling,invscaling,0.001,0.574,0.5633181308616776,1.386217510982421,0.006743561999883241,6,0
ag_news,32,128,500,2000,52,20260830,adaptive_001,adaptive,adaptive,0.001,0.589,0.5800456143566541,1.3849384113954328,0.00747270099986963,31,0
ag_news,32,128,500,2000,52,20260830,optimal_builtin,optimal,optimal,0.001,0.5895,0.5888089996182455,1.4046334189865979,0.006952682000019195,10,0
ag_news,32,128,500,2000,52,20260830,constant_01,constant,constant,0.01,0.6185,0.6155247732907934,1.1375394250249429,0.011453824000000168,169,0
ag_news,32,128,500,2000,52,20260830,adaptive_01,adaptive,adaptive,0.01,0.619,0.6160247487613767,1.1364401467570593,0.012340228000084608,199,0
ag_news,32,128,500,2000,88,20260830,constant_001,constant,constant,0.001,0.6145,0.6073851281930128,1.3851915487959612,0.006510638000008839,6,0
ag_news,32,128,500,2000,88,20260830,invscaling_001,invscaling,invscaling,0.001,0.5705,0.5639399521472339,1.3862166097284043,0.0067121069998847815,6,0
ag_news,32,128,500,2000,88,20260830,adaptive_001,adaptive,adaptive,0.001,0.6145,0.6073534801258713,1.3849606869766578,0.007234251999989283,31,0
ag_news,32,128,500,2000,88,20260830,optimal_builtin,optimal,optimal,0.001,0.6125,0.6070479298648453,1.4862296245267692,0.006583642000123291,9,0
ag_news,32,128,500,2000,88,20260830,constant_01,constant,constant,0.01,0.6335,0.6288950417834427,1.1341250491058812,0.011693122999986372,168,0
ag_news,32,128,500,2000,88,20260830,adaptive_01,adaptive,adaptive,0.01,0.6335,0.6288950417834427,1.1330032062034259,0.012172928999916621,198,0
ag_news,32,128,500,2000,121,20260830,constant_001,constant,constant,0.001,0.597,0.5889173319559781,1.3853109729895072,0.006884543000069243,6,0
ag_news,32,128,500,2000,121,20260830,invscaling_001,invscaling,invscaling,0.001,0.5455,0.5392268471417292,1.386225611860131,0.007104737999952704,6,0
ag_news,32,128,500,2000,121,20260830,adaptive_001,adaptive,adaptive,0.001,0.597,0.5889173319559781,1.385105101415393,0.007794762000003175,31,0
ag_news,32,128,500,2000,121,20260830,optimal_builtin,optimal,optimal,0.001,0.5785,0.5763661907849666,1.5511406066054318,0.007031372999790619,11,0
ag_news,32,128,500,2000,121,20260830,constant_01,constant,constant,0.01,0.6145,0.6101796094526777,1.1612782952648018,0.011851736999915374,165,0
ag_news,32,128,500,2000,121,20260830,adaptive_01,adaptive,adaptive,0.01,0.614,0.6095597095402312,1.1602510447256495,0.012758835999875373,195,0
ag_news,32,128,500,2000,169,20260830,constant_001,constant,constant,0.001,0.6155,0.6068113173835394,1.3850786053514916,0.0069136360000356945,6,0
ag_news,32,128,500,2000,169,20260830,invscaling_001,invscaling,invscaling,0.001,0.598,0.5855618425236842,1.3862086524732609,0.0066560989998833975,6,0
ag_news,32,128,500,2000,169,20260830,adaptive_001,adaptive,adaptive,0.001,0.6155,0.6068113173835394,1.384824191501937,0.0077980529999877035,31,0
ag_news,32,128,500,2000,169,20260830,optimal_builtin,optimal,optimal,0.001,0.628,0.6228437012150885,1.4016989929042183,0.006887388999984978,9,0
ag_news,32,128,500,2000,169,20260830,constant_01,constant,constant,0.01,0.634,0.6274084608930383,1.1171913493755237,0.01149456200005261,166,0
ag_news,32,128,500,2000,169,20260830,adaptive_01,adaptive,adaptive,0.01,0.634,0.6274084608930383,1.116013023098281,0.012457264999966355,196,0
ag_news,32,128,500,2000,203,20260830,constant_001,constant,constant,0.001,0.6045,0.600512265164133,1.385260369859879,0.006876525000052425,6,0
ag_news,32,128,500,2000,203,20260830,invscaling_001,invscaling,invscaling,0.001,0.6045,0.5990521618404474,1.3862208209999476,0.007187944999941465,6,0
ag_news,32,128,500,2000,203,20260830,adaptive_001,adaptive,adaptive,0.001,0.6045,0.600512265164133,1.385043974626299,0.007646112999964316,31,0
ag_news,32,128,500,2000,203,20260830,optimal_builtin,optimal,optimal,0.001,0.5945,0.5926682085201098,1.5836509455109236,0.006814688000076785,10,0
ag_news,32,128,500,2000,203,20260830,constant_01,constant,constant,0.01,0.6055,0.6042303013008432,1.1597152085974267,0.011789253999950233,160,0
ag_news,32,128,500,2000,203,20260830,adaptive_01,adaptive,adaptive,0.01,0.605,0.6036708412706222,1.1586579077065713,0.01247383500003707,190,0
ag_news,32,128,500,2000,247,20260830,constant_001,constant,constant,0.001,0.595,0.5879889409952879,1.3852119046751041,0.006819025000140755,6,0
ag_news,32,128,500,2000,247,20260830,invscaling_001,invscaling,invscaling,0.001,0.576,0.5670415307053459,1.3862192949138539,0.006910852999908457,6,0
ag_news,32,128,500,2000,247,20260830,adaptive_001,adaptive,adaptive,0.001,0.595,0.5879889409952879,1.3849853066164393,0.007529532000035033,31,0
ag_news,32,128,500,2000,247,20260830,optimal_builtin,optimal,optimal,0.001,0.5645,0.5610423714229787,1.739535581850492,0.006908927000040421,9,0
ag_news,32,128,500,2000,247,20260830,constant_01,constant,constant,0.01,0.5935,0.5877682996737803,1.1516123593841872,0.01136447799990492,165,0
ag_news,32,128,500,2000,247,20260830,adaptive_01,adaptive,adaptive,0.01,0.594,0.5882905400271958,1.1506211076568928,0.012156662999814216,195,0
ag_news,32,128,500,2000,314,20260830,constant_001,constant,constant,0.001,0.5855,0.5727627186138966,1.38529820500715,0.0069738079998842295,6,0
ag_news,32,128,500,2000,314,20260830,invscaling_001,invscaling,invscaling,0.001,0.561,0.5464534444212079,1.3862236130184564,0.0067008119999627525,6,0
ag_news,32,128,500,2000,314,20260830,adaptive_001,adaptive,adaptive,0.001,0.586,0.573349250187983,1.3850895808117911,0.007597344999794586,31,0
ag_news,32,128,500,2000,314,20260830,optimal_builtin,optimal,optimal,0.001,0.588,0.5822359160176489,1.5285364650811508,0.006846088999964195,9,0
ag_news,32,128,500,2000,314,20260830,constant_01,constant,constant,0.01,0.6075,0.6003713074046896,1.1541770231896562,0.011239163000027474,168,0
ag_news,32,128,500,2000,314,20260830,adaptive_01,adaptive,adaptive,0.01,0.6075,0.6003685572710484,1.153084141069001,0.01238375899993116,198,0
ag_news,32,128,500,2000,415,20260830,constant_001,constant,constant,0.001,0.5575,0.538833987903514,1.3851470900791418,0.006871696000189331,6,0
ag_news,32,128,500,2000,415,20260830,invscaling_001,invscaling,invscaling,0.001,0.581,0.5664625980669208,1.386214699361907,0.006908451999834142,6,0
ag_news,32,128,500,2000,415,20260830,adaptive_001,adaptive,adaptive,0.001,0.5585,0.5398292349917593,1.3849069743259617,0.008293202000004385,31,0
ag_news,32,128,500,2000,415,20260830,optimal_builtin,optimal,optimal,0.001,0.61,0.6055823498421979,1.4952819650600773,0.007410825999841109,9,0
ag_news,32,128,500,2000,415,20260830,constant_01,constant,constant,0.01,0.6195,0.612252763401679,1.13607447261429,0.011660490000167556,172,0
ag_news,32,128,500,2000,415,20260830,adaptive_01,adaptive,adaptive,0.01,0.6195,0.612252763401679,1.134991818802173,0.012533272000155193,202,0
ag_news,32,128,500,2000,509,20260830,constant_001,constant,constant,0.001,0.632,0.6250756042350349,1.385186000371244,0.0073993119999613555,6,0
ag_news,32,128,500,2000,509,20260830,invscaling_001,invscaling,invscaling,0.001,0.6185,0.6134522961646708,1.3862193517838797,0.006750659000090309,6,0
ag_news,32,128,500,2000,509,20260830,adaptive_001,adaptive,adaptive,0.001,0.632,0.6250756042350349,1.384953985280781,0.00773329300000114,31,0
ag_news,32,128,500,2000,509,20260830,optimal_builtin,optimal,optimal,0.001,0.5965,0.5954385519464271,1.4619306530733656,0.006813657000066087,9,0
ag_news,32,128,500,2000,509,20260830,constant_01,constant,constant,0.01,0.6365,0.6354588599738961,1.135349595913038,0.01132919899987428,165,0
ag_news,32,128,500,2000,509,20260830,adaptive_01,adaptive,adaptive,0.01,0.6365,0.6354588599738961,1.1342307176635584,0.012899142999913238,195,0
ag_news,64,256,500,2000,14,20260830,constant_001,constant,constant,0.001,0.5415,0.5020647997220109,1.3761684481949137,0.01375777799989919,42,0
ag_news,64,256,500,2000,14,20260830,invscaling_001,invscaling,invscaling,0.001,0.701,0.6967072572356012,1.3862037754053453,0.012201004000189641,6,0
ag_news,64,256,500,2000,14,20260830,adaptive_001,adaptive,adaptive,0.001,0.5495,0.510364016348115,1.3757635262702912,0.01499934100002065,67,0
ag_news,64,256,500,2000,14,20260830,optimal_builtin,optimal,optimal,0.001,0.7135,0.7133186884024242,0.9765976062648064,0.012110527999993792,9,0
ag_news,64,256,500,2000,14,20260830,constant_01,constant,constant,0.01,0.7285,0.7267892959086717,1.013312909643692,0.02225609699985398,164,0
ag_news,64,256,500,2000,14,20260830,adaptive_01,adaptive,adaptive,0.01,0.729,0.7273113020700981,1.0118004045051647,0.023962186000062502,194,0
ag_news,64,256,500,2000,52,20260830,constant_001,constant,constant,0.001,0.33,0.2514610037742256,1.3768629790856513,0.013559270000087054,37,0
ag_news,64,256,500,2000,52,20260830,invscaling_001,invscaling,invscaling,0.001,0.7205,0.7162439719315045,1.3862022762616508,0.012441427999874577,6,0
ag_news,64,256,500,2000,52,20260830,adaptive_001,adaptive,adaptive,0.001,0.341,0.27048872332814566,1.3764627168355674,0.014911703999814563,62,0
ag_news,64,256,500,2000,52,20260830,optimal_builtin,optimal,optimal,0.001,0.7055,0.7047631841149912,0.9852996639806927,0.01192200600007709,9,0
ag_news,64,256,500,2000,52,20260830,constant_01,constant,constant,0.01,0.728,0.7261756941621256,1.0094495263788315,0.022293944000011834,164,0
ag_news,64,256,500,2000,52,20260830,adaptive_01,adaptive,adaptive,0.01,0.728,0.7261756941621256,1.0079071627113565,0.024079420999896683,194,0
ag_news,64,256,500,2000,88,20260830,constant_001,constant,constant,0.001,0.5405,0.5085676045701885,1.3776849002696834,0.012931058000049234,37,0
ag_news,64,256,500,2000,88,20260830,invscaling_001,invscaling,invscaling,0.001,0.7075,0.7029106915233674,1.3862043782684028,0.012052609000193115,6,0
ag_news,64,256,500,2000,88,20260830,adaptive_001,adaptive,adaptive,0.001,0.5455,0.5146328089464498,1.3772885878294643,0.014797821000001932,62,0
ag_news,64,256,500,2000,88,20260830,optimal_builtin,optimal,optimal,0.001,0.6825,0.6809303930934435,1.0789299897396454,0.011726340999985041,9,0
ag_news,64,256,500,2000,88,20260830,constant_01,constant,constant,0.01,0.7285,0.725499230094207,1.0117492500760374,0.021557577000066885,164,0
ag_news,64,256,500,2000,88,20260830,adaptive_01,adaptive,adaptive,0.01,0.7285,0.725499230094207,1.0102466283375378,0.02369247199999336,194,0
ag_news,64,256,500,2000,121,20260830,constant_001,constant,constant,0.001,0.3395,0.26744623193551664,1.376902308670204,0.013659153999924456,41,0
ag_news,64,256,500,2000,121,20260830,invscaling_001,invscaling,invscaling,0.001,0.713,0.7088738017941982,1.3862068014841809,0.011933430999988559,6,0
ag_news,64,256,500,2000,121,20260830,adaptive_001,adaptive,adaptive,0.001,0.356,0.2943822784378073,1.376510783471038,0.01537771299990709,66,0
ag_news,64,256,500,2000,121,20260830,optimal_builtin,optimal,optimal,0.001,0.68,0.6785076185399398,1.0318554630155716,0.01176730499992118,10,0
ag_news,64,256,500,2000,121,20260830,constant_01,constant,constant,0.01,0.714,0.7127325338444067,1.0222351596803296,0.022622140000066793,162,0
ag_news,64,256,500,2000,121,20260830,adaptive_01,adaptive,adaptive,0.01,0.714,0.7127325338444067,1.0207653001558075,0.024546726999915336,192,0
ag_news,64,256,500,2000,169,20260830,constant_001,constant,constant,0.001,0.3595,0.2954633433140844,1.3756867382447036,0.014442008000060014,41,0
ag_news,64,256,500,2000,169,20260830,invscaling_001,invscaling,invscaling,0.001,0.6435,0.6327434874500197,1.3861995581212923,0.011972855000067284,6,0
ag_news,64,256,500,2000,169,20260830,adaptive_001,adaptive,adaptive,0.001,0.366,0.3056085159460762,1.3752684665538928,0.015120053999908123,66,0
ag_news,64,256,500,2000,169,20260830,optimal_builtin,optimal,optimal,0.001,0.702,0.7000390179238071,0.9788132380115978,0.012154202999909103,9,0
ag_news,64,256,500,2000,169,20260830,constant_01,constant,constant,0.01,0.724,0.7208593047517375,1.006315077056512,0.02195924800003013,164,0
ag_news,64,256,500,2000,169,20260830,adaptive_01,adaptive,adaptive,0.01,0.724,0.7208593047517375,1.0048369995008442,0.02443246200004978,194,0
ag_news,64,256,500,2000,203,20260830,constant_001,constant,constant,0.001,0.382,0.33658685869125465,1.3779013132914775,0.014007831999833797,32,0
ag_news,64,256,500,2000,203,20260830,invscaling_001,invscaling,invscaling,0.001,0.6735,0.669123855823234,1.3862063049862412,0.01162982800019563,6,0
ag_news,64,256,500,2000,203,20260830,adaptive_001,adaptive,adaptive,0.001,0.402,0.36671150505205685,1.3775088211682782,0.015178847000015594,57,0
ag_news,64,256,500,2000,203,20260830,optimal_builtin,optimal,optimal,0.001,0.6975,0.6962114311922056,1.000716464873603,0.011923170999807553,9,0
ag_news,64,256,500,2000,203,20260830,constant_01,constant,constant,0.01,0.7075,0.7053922364839168,1.022670186718309,0.021697459000051822,160,0
ag_news,64,256,500,2000,203,20260830,adaptive_01,adaptive,adaptive,0.01,0.707,0.7048726845880353,1.021187877352281,0.02361361099997339,190,0
ag_news,64,256,500,2000,247,20260830,constant_001,constant,constant,0.001,0.5735,0.5631141677591295,1.3735705265253386,0.013812171999916245,42,0
ag_news,64,256,500,2000,247,20260830,invscaling_001,invscaling,invscaling,0.001,0.686,0.6808797821579288,1.3861968379991612,0.011717126000121425,6,0
ag_news,64,256,500,2000,247,20260830,adaptive_001,adaptive,adaptive,0.001,0.579,0.5694568270614155,1.3731361241253197,0.015430903999913426,67,0
ag_news,64,256,500,2000,247,20260830,optimal_builtin,optimal,optimal,0.001,0.697,0.6954722424672061,1.0055185309993624,0.011948071000006166,9,0
ag_news,64,256,500,2000,247,20260830,constant_01,constant,constant,0.01,0.7135,0.7107720554487498,1.006011681909653,0.021258729000010135,161,0
ag_news,64,256,500,2000,247,20260830,adaptive_01,adaptive,adaptive,0.01,0.7135,0.7107720554487498,1.0045301713212558,0.023647092999908637,191,0
ag_news,64,256,500,2000,314,20260830,constant_001,constant,constant,0.001,0.5665,0.5372500935694218,1.3767701417712495,0.013416786999869146,43,0
ag_news,64,256,500,2000,314,20260830,invscaling_001,invscaling,invscaling,0.001,0.6955,0.6901393931077754,1.386206195717079,0.011724021999953038,6,0
ag_news,64,256,500,2000,314,20260830,adaptive_001,adaptive,adaptive,0.001,0.572,0.543558635075247,1.3763806802096712,0.01504458599993086,68,0
ag_news,64,256,500,2000,314,20260830,optimal_builtin,optimal,optimal,0.001,0.6895,0.6883677962273005,1.0253792647079158,0.011932465999962005,9,0
ag_news,64,256,500,2000,314,20260830,constant_01,constant,constant,0.01,0.7125,0.7100656285281007,1.0232691568844683,0.022157492999895112,163,0
ag_news,64,256,500,2000,314,20260830,adaptive_01,adaptive,adaptive,0.01,0.7125,0.7100656285281007,1.021794176512296,0.023686741999881633,193,0
ag_news,64,256,500,2000,415,20260830,constant_001,constant,constant,0.001,0.506,0.42419926883499004,1.376952074537339,0.013653643999987253,39,0
ag_news,64,256,500,2000,415,20260830,invscaling_001,invscaling,invscaling,0.001,0.6865,0.6790666375121122,1.3862043305246097,0.012001531999885628,6,0
ag_news,64,256,500,2000,415,20260830,adaptive_001,adaptive,adaptive,0.001,0.5085,0.42745812932854477,1.3765514455017014,0.015118838000034884,64,0
ag_news,64,256,500,2000,415,20260830,optimal_builtin,optimal,optimal,0.001,0.6875,0.684732933650468,1.0249872944109957,0.013350012000046263,9,0
ag_news,64,256,500,2000,415,20260830,constant_01,constant,constant,0.01,0.7085,0.7034606924142762,1.0174054317213497,0.022173722999923484,162,0
ag_news,64,256,500,2000,415,20260830,adaptive_01,adaptive,adaptive,0.01,0.7085,0.7034606924142762,1.015897890905639,0.024599016999900414,192,0
ag_news,64,256,500,2000,509,20260830,constant_001,constant,constant,0.001,0.36,0.28784186231375597,1.3767420309044947,0.013020793000123376,38,0
ag_news,64,256,500,2000,509,20260830,invscaling_001,invscaling,invscaling,0.001,0.656,0.652920913400328,1.386201588122862,0.01219708400003583,6,0
ag_news,64,256,500,2000,509,20260830,adaptive_001,adaptive,adaptive,0.001,0.37,0.3015747691564672,1.3763290785818068,0.015082613999993555,63,0
ag_news,64,256,500,2000,509,20260830,optimal_builtin,optimal,optimal,0.001,0.7325,0.7300089954512176,0.8875312685739797,0.01193736799996259,9,0
ag_news,64,256,500,2000,509,20260830,constant_01,constant,constant,0.01,0.7425,0.7394740643385321,0.9997146957335618,0.02196153999989292,165,0
ag_news,64,256,500,2000,509,20260830,adaptive_01,adaptive,adaptive,0.01,0.7425,0.7394740643385321,0.9981182813897002,0.02439177899987044,195,0
ag_news,128,512,500,2000,14,20260830,constant_001,constant,constant,0.001,0.764,0.7608668715814513,1.344762928960388,0.03191332500000499,80,0
ag_news,128,512,500,2000,14,20260830,invscaling_001,invscaling,invscaling,0.001,0.7465,0.7425897894896578,1.386187577623803,0.021495715000128257,6,0
ag_news,128,512,500,2000,14,20260830,adaptive_001,adaptive,adaptive,0.001,0.7635,0.7604455718852916,1.3440316632651157,0.03496516899986091,105,0
ag_news,128,512,500,2000,14,20260830,optimal_builtin,optimal,optimal,0.001,0.774,0.7737913178802348,0.6864280769598133,0.02158407599995371,9,0
ag_news,128,512,500,2000,14,20260830,constant_01,constant,constant,0.01,0.784,0.7830910626707833,0.884530561143837,0.043276068000068335,153,0
ag_news,128,512,500,2000,14,20260830,adaptive_01,adaptive,adaptive,0.01,0.785,0.7841400013040206,0.8827767192968347,0.04759687900013887,183,0
ag_news,128,512,500,2000,52,20260830,constant_001,constant,constant,0.001,0.7535,0.751691147597471,1.3450662600658003,0.03395038600001499,79,0
ag_news,128,512,500,2000,52,20260830,invscaling_001,invscaling,invscaling,0.001,0.754,0.7495554695976767,1.3861862007862562,0.02285587400001532,6,0
ag_news,128,512,500,2000,52,20260830,adaptive_001,adaptive,adaptive,0.001,0.7545,0.7525932330033083,1.3443271525777987,0.037294503999873996,104,0
ag_news,128,512,500,2000,52,20260830,optimal_builtin,optimal,optimal,0.001,0.7625,0.7607096510600768,0.7173549950436786,0.023344659000031243,9,0
ag_news,128,512,500,2000,52,20260830,constant_01,constant,constant,0.01,0.785,0.7826822552346407,0.8738475959418467,0.04385260899994137,155,0
ag_news,128,512,500,2000,52,20260830,adaptive_01,adaptive,adaptive,0.01,0.785,0.7826822552346407,0.8720991783462356,0.04767775899995286,185,0
ag_news,128,512,500,2000,88,20260830,constant_001,constant,constant,0.001,0.771,0.7679367328752769,1.345649531776121,0.031516744000100516,75,0
ag_news,128,512,500,2000,88,20260830,invscaling_001,invscaling,invscaling,0.001,0.762,0.758978142060619,1.3861881509114622,0.022601494999889837,6,0
ag_news,128,512,500,2000,88,20260830,adaptive_001,adaptive,adaptive,0.001,0.771,0.7679542592085926,1.344922684225317,0.03589187399984439,100,0
ag_news,128,512,500,2000,88,20260830,optimal_builtin,optimal,optimal,0.001,0.776,0.77408814697903,0.6742661070750127,0.02192503699984627,9,0
ag_news,128,512,500,2000,88,20260830,constant_01,constant,constant,0.01,0.789,0.7865625396632688,0.8758961960702575,0.04431020600009106,155,0
ag_news,128,512,500,2000,88,20260830,adaptive_01,adaptive,adaptive,0.01,0.789,0.7865559173786016,0.8741186379149167,0.0489169810000476,185,0
ag_news,128,512,500,2000,121,20260830,constant_001,constant,constant,0.001,0.766,0.7658395079336631,1.3484387296244422,0.032396660000131305,76,0
ag_news,128,512,500,2000,121,20260830,invscaling_001,invscaling,invscaling,0.001,0.7705,0.7685320015557545,1.3861914005083344,0.023258641999973406,6,0
ag_news,128,512,500,2000,121,20260830,adaptive_001,adaptive,adaptive,0.001,0.7685,0.7684003409617854,1.3477374250114385,0.03632785599984345,101,0
ag_news,128,512,500,2000,121,20260830,optimal_builtin,optimal,optimal,0.001,0.776,0.7757420694370634,0.6561783102449922,0.024054369999930714,10,0
ag_news,128,512,500,2000,121,20260830,constant_01,constant,constant,0.01,0.7965,0.7957940882742003,0.8850898466170882,0.04451373500000955,153,0
ag_news,128,512,500,2000,121,20260830,adaptive_01,adaptive,adaptive,0.01,0.7965,0.7957940882742003,0.8832753642611014,0.05008349499985343,183,0
ag_news,128,512,500,2000,169,20260830,constant_001,constant,constant,0.001,0.722,0.7189542812827755,1.3471643017932164,0.03226356699997268,77,0
ag_news,128,512,500,2000,169,20260830,invscaling_001,invscaling,invscaling,0.001,0.75,0.7476181286752946,1.3861884108650224,0.022367719999920155,6,0
ag_news,128,512,500,2000,169,20260830,adaptive_001,adaptive,adaptive,0.001,0.723,0.7198538679416299,1.34644762356631,0.03650474699998085,102,0
ag_news,128,512,500,2000,169,20260830,optimal_builtin,optimal,optimal,0.001,0.7775,0.7754214302588709,0.6950999122503836,0.024274622999882922,9,0
ag_news,128,512,500,2000,169,20260830,constant_01,constant,constant,0.01,0.7815,0.7795549540336435,0.8817409888641276,0.04424457499999335,156,0
ag_news,128,512,500,2000,169,20260830,adaptive_01,adaptive,adaptive,0.01,0.782,0.7800716071473123,0.8799609268225735,0.04783009000016136,186,0
ag_news,128,512,500,2000,203,20260830,constant_001,constant,constant,0.001,0.7445,0.7374234224970387,1.345879480551346,0.03241006300004301,80,0
ag_news,128,512,500,2000,203,20260830,invscaling_001,invscaling,invscaling,0.001,0.728,0.724096624520993,1.386187205934178,0.022272140000040963,6,0
ag_news,128,512,500,2000,203,20260830,adaptive_001,adaptive,adaptive,0.001,0.745,0.7378746196872695,1.345156090571055,0.03570141899990631,105,0
ag_news,128,512,500,2000,203,20260830,optimal_builtin,optimal,optimal,0.001,0.7675,0.7666375898193408,0.6626591517011982,0.023038791000089986,13,0
ag_news,128,512,500,2000,203,20260830,constant_01,constant,constant,0.01,0.784,0.7826401650729207,0.8865999341905376,0.04434654700003193,153,0
ag_news,128,512,500,2000,203,20260830,adaptive_01,adaptive,adaptive,0.01,0.784,0.7826401650729207,0.8848235742067807,0.04814244600015627,183,0
ag_news,128,512,500,2000,247,20260830,constant_001,constant,constant,0.001,0.7525,0.7482315975119496,1.3432083468392826,0.03231814399987343,77,0
ag_news,128,512,500,2000,247,20260830,invscaling_001,invscaling,invscaling,0.001,0.7405,0.7362135931641293,1.3861817821617917,0.02132511800004977,6,0
ag_news,128,512,500,2000,247,20260830,adaptive_001,adaptive,adaptive,0.001,0.753,0.7486695812535937,1.342452608772447,0.03475063900009445,102,0
ag_news,128,512,500,2000,247,20260830,optimal_builtin,optimal,optimal,0.001,0.77,0.7690235423002246,0.7056444816593153,0.02311848099998315,9,0
ag_news,128,512,500,2000,247,20260830,constant_01,constant,constant,0.01,0.774,0.7718827627469825,0.8741223173671075,0.04364052300002186,152,0
ag_news,128,512,500,2000,247,20260830,adaptive_01,adaptive,adaptive,0.01,0.774,0.7718827627469825,0.8723616635722197,0.048108091000131026,182,0
ag_news,128,512,500,2000,314,20260830,constant_001,constant,constant,0.001,0.774,0.7680346639564454,1.3491199547184287,0.03222821500003192,76,0
ag_news,128,512,500,2000,314,20260830,invscaling_001,invscaling,invscaling,0.001,0.7815,0.7774469843132679,1.3861917509598176,0.022030490999895846,6,0
ag_news,128,512,500,2000,314,20260830,adaptive_001,adaptive,adaptive,0.001,0.775,0.7688855637362589,1.3484232118125346,0.03597498299996005,101,0
ag_news,128,512,500,2000,314,20260830,optimal_builtin,optimal,optimal,0.001,0.7835,0.7826532731375212,0.651542275652391,0.023722228999986328,8,0
ag_news,128,512,500,2000,314,20260830,constant_01,constant,constant,0.01,0.7935,0.7918864416425528,0.8825583686831466,0.044097669000166206,154,0
ag_news,128,512,500,2000,314,20260830,adaptive_01,adaptive,adaptive,0.01,0.7935,0.7918864416425528,0.8807341952833448,0.048289063999845894,184,0
ag_news,128,512,500,2000,415,20260830,constant_001,constant,constant,0.001,0.767,0.7623243417543606,1.3484298699183217,0.031525032999979885,74,0
ag_news,128,512,500,2000,415,20260830,invscaling_001,invscaling,invscaling,0.001,0.7315,0.721965765611954,1.386190167759029,0.022487238999929104,6,0
ag_news,128,512,500,2000,415,20260830,adaptive_001,adaptive,adaptive,0.001,0.767,0.762321641077671,1.3477224764193507,0.035009526000067126,99,0
ag_news,128,512,500,2000,415,20260830,optimal_builtin,optimal,optimal,0.001,0.7755,0.7751247750378265,0.6940806465510231,0.022201935000111916,9,0
ag_news,128,512,500,2000,415,20260830,constant_01,constant,constant,0.01,0.795,0.7932568990675646,0.8808969523151055,0.04489523199981704,155,0
ag_news,128,512,500,2000,415,20260830,adaptive_01,adaptive,adaptive,0.01,0.7945,0.7927408613262311,0.8791060518181041,0.04811124599996219,185,0
ag_news,128,512,500,2000,509,20260830,constant_001,constant,constant,0.001,0.7395,0.7300270046318897,1.3491618791576168,0.030587950999915847,76,0
ag_news,128,512,500,2000,509,20260830,invscaling_001,invscaling,invscaling,0.001,0.76,0.7547195281567303,1.3861901890979291,0.02177507000010337,6,0
ag_news,128,512,500,2000,509,20260830,adaptive_001,adaptive,adaptive,0.001,0.74,0.7304169485201781,1.3484603750184927,0.0345220420001624,101,0
ag_news,128,512,500,2000,509,20260830,optimal_builtin,optimal,optimal,0.001,0.792,0.7904798348366839,0.6576024240357637,0.022962385000028007,9,0
ag_news,128,512,500,2000,509,20260830,constant_01,constant,constant,0.01,0.805,0.8023703161342997,0.8777766994754732,0.04422968900007618,157,0
ag_news,128,512,500,2000,509,20260830,adaptive_01,adaptive,adaptive,0.01,0.805,0.8023703161342997,0.8759473387509767,0.04871327299997574,187,0
