dataset,train_split,eval_split,train_per_class,train_rows,test_per_class_cap,test_rows,seed,test_selection_seed,schedule,schedule_family,learning_rate,eta0,accuracy,macro_f1,log_loss,fit_seconds,n_iter,convergence_warning_count,status
ag_news,train,test,16,64,500,2000,14,20260801,constant_001,constant,constant,0.001,0.4935,0.4742215745501355,1.3856817723177028,0.008584755007177591,6,0,PASS
ag_news,train,test,16,64,500,2000,14,20260801,invscaling_001,invscaling,invscaling,0.001,0.4945,0.4759083491067623,1.386234110072744,0.004644807995646261,6,0,PASS
ag_news,train,test,16,64,500,2000,14,20260801,adaptive_001,adaptive,adaptive,0.001,0.4935,0.4742215745501355,1.385553806899846,0.0052702510001836345,31,0,PASS
ag_news,train,test,16,64,500,2000,14,20260801,optimal_builtin,optimal,optimal,0.001,0.502,0.4988372418875373,1.9478704752301075,0.004920471998048015,9,0,PASS
ag_news,train,test,16,64,500,2000,14,20260801,constant_01,constant,constant,0.01,0.515,0.5086717980684223,1.2453737865246237,0.006998030992690474,169,0,PASS
ag_news,train,test,16,64,500,2000,14,20260801,adaptive_01,adaptive,adaptive,0.01,0.5165,0.5103922906668428,1.244695565409068,0.00758864100498613,199,0,PASS
ag_news,train,test,16,64,500,2000,52,20260801,constant_001,constant,constant,0.001,0.466,0.44342468570005505,1.3857040560321938,0.004613709999830462,6,0,PASS
ag_news,train,test,16,64,500,2000,52,20260801,invscaling_001,invscaling,invscaling,0.001,0.465,0.4386053665392359,1.3862408803834159,0.004787465994013473,6,0,PASS
ag_news,train,test,16,64,500,2000,52,20260801,adaptive_001,adaptive,adaptive,0.001,0.466,0.44342468570005505,1.3855807533871927,0.004938237994792871,31,0,PASS
ag_news,train,test,16,64,500,2000,52,20260801,optimal_builtin,optimal,optimal,0.001,0.465,0.45997156619402124,2.4003185870870776,0.004839544999413192,9,0,PASS
ag_news,train,test,16,64,500,2000,52,20260801,constant_01,constant,constant,0.01,0.495,0.48345949360089474,1.2538593178538386,0.0067742139945039526,165,0,PASS
ag_news,train,test,16,64,500,2000,52,20260801,adaptive_01,adaptive,adaptive,0.01,0.495,0.48345949360089474,1.253227929270307,0.007420879002893344,195,0,PASS
ag_news,train,test,16,64,500,2000,88,20260801,constant_001,constant,constant,0.001,0.5015,0.49503996418346413,1.385629007256207,0.04005286299798172,6,0,PASS
ag_news,train,test,16,64,500,2000,88,20260801,invscaling_001,invscaling,invscaling,0.001,0.458,0.43788247080285597,1.386224465110432,0.004624053006409667,6,0,PASS
ag_news,train,test,16,64,500,2000,88,20260801,adaptive_001,adaptive,adaptive,0.001,0.5015,0.49503996418346413,1.3854900428388983,0.005197088001295924,31,0,PASS
ag_news,train,test,16,64,500,2000,88,20260801,optimal_builtin,optimal,optimal,0.001,0.491,0.4879322062394913,2.147658811305875,0.004744938996736892,11,0,PASS
ag_news,train,test,16,64,500,2000,88,20260801,constant_01,constant,constant,0.01,0.512,0.5100711583154312,1.2351962898583695,0.007480351006961428,173,0,PASS
ag_news,train,test,16,64,500,2000,88,20260801,adaptive_01,adaptive,adaptive,0.01,0.512,0.5100711583154312,1.234501104546725,0.007517122008721344,203,0,PASS
ag_news,train,test,16,64,500,2000,121,20260801,constant_001,constant,constant,0.001,0.502,0.4907781237589828,1.3856300444726628,0.00449888598814141,6,0,PASS
ag_news,train,test,16,64,500,2000,121,20260801,invscaling_001,invscaling,invscaling,0.001,0.4785,0.4674230740636755,1.3862298131187245,0.0045926549937576056,6,0,PASS
ag_news,train,test,16,64,500,2000,121,20260801,adaptive_001,adaptive,adaptive,0.001,0.502,0.4907781237589828,1.3854912934426447,0.004849211996770464,31,0,PASS
ag_news,train,test,16,64,500,2000,121,20260801,optimal_builtin,optimal,optimal,0.001,0.498,0.49315452125072495,2.005282269252617,0.004855655992287211,9,0,PASS
ag_news,train,test,16,64,500,2000,121,20260801,constant_01,constant,constant,0.01,0.5145,0.5084235290756665,1.2344091156507122,0.006799466995289549,168,0,PASS
ag_news,train,test,16,64,500,2000,121,20260801,adaptive_01,adaptive,adaptive,0.01,0.5145,0.5084235290756665,1.233716679426011,0.007754019999993034,198,0,PASS
ag_news,train,test,16,64,500,2000,169,20260801,constant_001,constant,constant,0.001,0.471,0.45816901525215326,1.3856596066466045,0.00458179900306277,6,0,PASS
ag_news,train,test,16,64,500,2000,169,20260801,invscaling_001,invscaling,invscaling,0.001,0.462,0.4429939067637484,1.3862312016156495,0.004496898007346317,6,0,PASS
ag_news,train,test,16,64,500,2000,169,20260801,adaptive_001,adaptive,adaptive,0.001,0.4705,0.45766492462017727,1.385527017534108,0.005320396012393758,31,0,PASS
ag_news,train,test,16,64,500,2000,169,20260801,optimal_builtin,optimal,optimal,0.001,0.478,0.4746189696199479,2.21826212842175,0.004578663007123396,9,0,PASS
ag_news,train,test,16,64,500,2000,169,20260801,constant_01,constant,constant,0.01,0.486,0.4796541625237207,1.2436350008161638,0.0070159300084924325,174,0,PASS
ag_news,train,test,16,64,500,2000,169,20260801,adaptive_01,adaptive,adaptive,0.01,0.4855,0.47923769575623315,1.2430216127813642,0.0075937270012218505,204,0,PASS
ag_news,train,test,16,64,500,2000,203,20260801,constant_001,constant,constant,0.001,0.5045,0.48795746581793265,1.385676685570852,0.004761302989209071,6,0,PASS
ag_news,train,test,16,64,500,2000,203,20260801,invscaling_001,invscaling,invscaling,0.001,0.4825,0.4494146083952365,1.386235989369733,0.004699304001405835,6,0,PASS
ag_news,train,test,16,64,500,2000,203,20260801,adaptive_001,adaptive,adaptive,0.001,0.5045,0.48795746581793265,1.3855476260353157,0.004910032992484048,31,0,PASS
ag_news,train,test,16,64,500,2000,203,20260801,optimal_builtin,optimal,optimal,0.001,0.4625,0.45358781954391747,2.2658878762957055,0.00455841000075452,9,0,PASS
ag_news,train,test,16,64,500,2000,203,20260801,constant_01,constant,constant,0.01,0.509,0.49736663825862304,1.245549818755679,0.006746077007846907,168,0,PASS
ag_news,train,test,16,64,500,2000,203,20260801,adaptive_01,adaptive,adaptive,0.01,0.509,0.49736663825862304,1.2449005590573115,0.007577611002488993,198,0,PASS
ag_news,train,test,16,64,500,2000,247,20260801,constant_001,constant,constant,0.001,0.4645,0.4519155570390143,1.3857749132783723,0.004823975003091618,6,0,PASS
ag_news,train,test,16,64,500,2000,247,20260801,invscaling_001,invscaling,invscaling,0.001,0.423,0.40267234573814326,1.3862434863906101,0.004635710007278249,6,0,PASS
ag_news,train,test,16,64,500,2000,247,20260801,adaptive_001,adaptive,adaptive,0.001,0.4645,0.4519155570390143,1.3856663784710852,0.00496168399695307,31,0,PASS
ag_news,train,test,16,64,500,2000,247,20260801,optimal_builtin,optimal,optimal,0.001,0.479,0.47672849181624816,2.0779504205419728,0.0046117849997244775,9,0,PASS
ag_news,train,test,16,64,500,2000,247,20260801,constant_01,constant,constant,0.01,0.489,0.4831822523151764,1.2636111595361563,0.007074078996083699,166,0,PASS
ag_news,train,test,16,64,500,2000,247,20260801,adaptive_01,adaptive,adaptive,0.01,0.489,0.4831822523151764,1.2630084467973293,0.007477792998543009,196,0,PASS
ag_news,train,test,16,64,500,2000,314,20260801,constant_001,constant,constant,0.001,0.49,0.4798971122173189,1.3857414860043682,0.00466182098898571,6,0,PASS
ag_news,train,test,16,64,500,2000,314,20260801,invscaling_001,invscaling,invscaling,0.001,0.4795,0.46652731072248377,1.3862378072671746,0.004931329996907152,6,0,PASS
ag_news,train,test,16,64,500,2000,314,20260801,adaptive_001,adaptive,adaptive,0.001,0.4895,0.4794966706968582,1.3856258963269164,0.004825151001568884,31,0,PASS
ag_news,train,test,16,64,500,2000,314,20260801,optimal_builtin,optimal,optimal,0.001,0.481,0.47606903903159326,2.3268770629972586,0.004424719998496585,9,0,PASS
ag_news,train,test,16,64,500,2000,314,20260801,constant_01,constant,constant,0.01,0.498,0.49303622224389854,1.2586314994024963,0.0068805709888692945,153,0,PASS
ag_news,train,test,16,64,500,2000,314,20260801,adaptive_01,adaptive,adaptive,0.01,0.498,0.49303622224389854,1.257903779419604,0.006907482005772181,183,0,PASS
ag_news,train,test,16,64,500,2000,415,20260801,constant_001,constant,constant,0.001,0.487,0.47620749686350067,1.3856528557566448,0.0042690099944593385,6,0,PASS
ag_news,train,test,16,64,500,2000,415,20260801,invscaling_001,invscaling,invscaling,0.001,0.462,0.43525360582745715,1.386231964730135,0.004303505003917962,6,0,PASS
ag_news,train,test,16,64,500,2000,415,20260801,adaptive_001,adaptive,adaptive,0.001,0.487,0.47620749686350067,1.3855187951090124,0.004711733010481112,31,0,PASS
ag_news,train,test,16,64,500,2000,415,20260801,optimal_builtin,optimal,optimal,0.001,0.5035,0.5014153094047563,2.172314976229176,0.004445381011464633,9,0,PASS
ag_news,train,test,16,64,500,2000,415,20260801,constant_01,constant,constant,0.01,0.4945,0.48707991282401025,1.2382994498918205,0.007013473004917614,161,0,PASS
ag_news,train,test,16,64,500,2000,415,20260801,adaptive_01,adaptive,adaptive,0.01,0.4945,0.4870588302821121,1.237579880996246,0.007233309006551281,191,0,PASS
ag_news,train,test,16,64,500,2000,509,20260801,constant_001,constant,constant,0.001,0.512,0.5031033155683137,1.3856869923842483,0.004764892990351655,6,0,PASS
ag_news,train,test,16,64,500,2000,509,20260801,invscaling_001,invscaling,invscaling,0.001,0.516,0.49962782755664403,1.3862314651058922,0.004582246008794755,6,0,PASS
ag_news,train,test,16,64,500,2000,509,20260801,adaptive_001,adaptive,adaptive,0.001,0.512,0.5031033155683137,1.3855601115751943,0.004890238997177221,31,0,PASS
ag_news,train,test,16,64,500,2000,509,20260801,optimal_builtin,optimal,optimal,0.001,0.5115,0.5012984702450717,2.0991549058887573,0.004374800002551638,10,0,PASS
ag_news,train,test,16,64,500,2000,509,20260801,constant_01,constant,constant,0.01,0.517,0.507698556307229,1.2419392496507236,0.007211121992440894,167,0,PASS
ag_news,train,test,16,64,500,2000,509,20260801,adaptive_01,adaptive,adaptive,0.01,0.517,0.507698556307229,1.2412588653189691,0.00715456300531514,197,0,PASS
ag_news,train,test,32,128,500,2000,14,20260801,constant_001,constant,constant,0.001,0.5555,0.5458240554997459,1.3851890362843415,0.007324022997636348,6,0,PASS
ag_news,train,test,32,128,500,2000,14,20260801,invscaling_001,invscaling,invscaling,0.001,0.553,0.5387411039472988,1.386217156429382,0.007283922997885384,6,0,PASS
ag_news,train,test,32,128,500,2000,14,20260801,adaptive_001,adaptive,adaptive,0.001,0.5555,0.5458240554997459,1.38495778200802,0.00842815000214614,31,0,PASS
ag_news,train,test,32,128,500,2000,14,20260801,optimal_builtin,optimal,optimal,0.001,0.6015,0.5985861335681573,1.4432913995673025,0.007422939001116902,9,0,PASS
ag_news,train,test,32,128,500,2000,14,20260801,constant_01,constant,constant,0.01,0.621,0.6153938112194908,1.1431588491168754,0.012385230002109893,171,0,PASS
ag_news,train,test,32,128,500,2000,14,20260801,adaptive_01,adaptive,adaptive,0.01,0.621,0.6153938112194908,1.142076978547913,0.013531567994505167,201,0,PASS
ag_news,train,test,32,128,500,2000,52,20260801,constant_001,constant,constant,0.001,0.5505,0.5374134425678079,1.3851030642367705,0.007205658999737352,6,0,PASS
ag_news,train,test,32,128,500,2000,52,20260801,invscaling_001,invscaling,invscaling,0.001,0.5695,0.5515564140154133,1.3862110764827582,0.007363811993855052,6,0,PASS
ag_news,train,test,32,128,500,2000,52,20260801,adaptive_001,adaptive,adaptive,0.001,0.5505,0.5374134425678079,1.384853900466979,0.008148124994477257,31,0,PASS
ag_news,train,test,32,128,500,2000,52,20260801,optimal_builtin,optimal,optimal,0.001,0.5895,0.5818537202323624,1.6384634801574476,0.007385566990706138,9,0,PASS
ag_news,train,test,32,128,500,2000,52,20260801,constant_01,constant,constant,0.01,0.6035,0.5935811703604559,1.142731281482074,0.012465705003705807,165,0,PASS
ag_news,train,test,32,128,500,2000,52,20260801,adaptive_01,adaptive,adaptive,0.01,0.6035,0.5937551882405941,1.1416803040727332,0.013205705006839707,195,0,PASS
ag_news,train,test,32,128,500,2000,88,20260801,constant_001,constant,constant,0.001,0.6015,0.5963596399014128,1.3852174322599686,0.0072489150043111295,6,0,PASS
ag_news,train,test,32,128,500,2000,88,20260801,invscaling_001,invscaling,invscaling,0.001,0.6135,0.6119910799978078,1.3862203801840975,0.007060493007884361,6,0,PASS
ag_news,train,test,32,128,500,2000,88,20260801,adaptive_001,adaptive,adaptive,0.001,0.6015,0.5963596399014128,1.3849920180064628,0.008068349998211488,31,0,PASS
ag_news,train,test,32,128,500,2000,88,20260801,optimal_builtin,optimal,optimal,0.001,0.5835,0.5837947793930144,1.5412582605161635,0.0072714540001470596,9,0,PASS
ag_news,train,test,32,128,500,2000,88,20260801,constant_01,constant,constant,0.01,0.6195,0.617513459349581,1.1459200329440755,0.01242558799276594,168,0,PASS
ag_news,train,test,32,128,500,2000,88,20260801,adaptive_01,adaptive,adaptive,0.01,0.6195,0.617513459349581,1.1448570618858749,0.01333851699018851,198,0,PASS
ag_news,train,test,32,128,500,2000,121,20260801,constant_001,constant,constant,0.001,0.5975,0.5920649939739155,1.3852223189738213,0.007194960999186151,6,0,PASS
ag_news,train,test,32,128,500,2000,121,20260801,invscaling_001,invscaling,invscaling,0.001,0.598,0.592288044327117,1.3862214261262749,0.007097390000126325,6,0,PASS
ag_news,train,test,32,128,500,2000,121,20260801,adaptive_001,adaptive,adaptive,0.001,0.5975,0.5920649939739155,1.3849979337651734,0.007837797995307483,31,0,PASS
ag_news,train,test,32,128,500,2000,121,20260801,optimal_builtin,optimal,optimal,0.001,0.569,0.564801679445736,1.5583667658723115,0.00711219799995888,9,0,PASS
ag_news,train,test,32,128,500,2000,121,20260801,constant_01,constant,constant,0.01,0.605,0.6025032124683646,1.1473532334656815,0.012332074998994358,163,0,PASS
ag_news,train,test,32,128,500,2000,121,20260801,adaptive_01,adaptive,adaptive,0.01,0.605,0.6025032124683646,1.1462793304172454,0.013391715998295695,193,0,PASS
ag_news,train,test,32,128,500,2000,169,20260801,constant_001,constant,constant,0.001,0.624,0.6175375722651686,1.385150673195417,0.0070685920072719455,6,0,PASS
ag_news,train,test,32,128,500,2000,169,20260801,invscaling_001,invscaling,invscaling,0.001,0.6095,0.5998766168860894,1.3862141779213173,0.007281017999048345,6,0,PASS
ag_news,train,test,32,128,500,2000,169,20260801,adaptive_001,adaptive,adaptive,0.001,0.624,0.6175375722651686,1.3849112838137143,0.007995894004125148,31,0,PASS
ag_news,train,test,32,128,500,2000,169,20260801,optimal_builtin,optimal,optimal,0.001,0.5905,0.5909634726520164,1.5054631134560925,0.007146808988181874,9,0,PASS
ag_news,train,test,32,128,500,2000,169,20260801,constant_01,constant,constant,0.01,0.6295,0.6268809571679116,1.1310551779546272,0.01254878799954895,168,0,PASS
ag_news,train,test,32,128,500,2000,169,20260801,adaptive_01,adaptive,adaptive,0.01,0.629,0.6264253117524287,1.129952308807505,0.013450363010633737,198,0,PASS
ag_news,train,test,32,128,500,2000,203,20260801,constant_001,constant,constant,0.001,0.577,0.5619361753861727,1.385176700213959,0.008318235995830037,6,0,PASS
ag_news,train,test,32,128,500,2000,203,20260801,invscaling_001,invscaling,invscaling,0.001,0.5695,0.5549120728092585,1.3862190402123373,0.0074549300043145195,6,0,PASS
ag_news,train,test,32,128,500,2000,203,20260801,adaptive_001,adaptive,adaptive,0.001,0.577,0.5619361753861727,1.3849427841832906,0.008240870010922663,31,0,PASS
ag_news,train,test,32,128,500,2000,203,20260801,optimal_builtin,optimal,optimal,0.001,0.5815,0.5774118837219229,1.6040553761996748,0.007450475997757167,9,0,PASS
ag_news,train,test,32,128,500,2000,203,20260801,constant_01,constant,constant,0.01,0.605,0.5987146925088872,1.1440612159430383,0.012212179994094186,167,0,PASS
ag_news,train,test,32,128,500,2000,203,20260801,adaptive_01,adaptive,adaptive,0.01,0.605,0.5987146925088872,1.1429855788222028,0.013479236993589438,197,0,PASS
ag_news,train,test,32,128,500,2000,247,20260801,constant_001,constant,constant,0.001,0.6125,0.6026183255496351,1.38529938803871,0.007410870006424375,6,0,PASS
ag_news,train,test,32,128,500,2000,247,20260801,invscaling_001,invscaling,invscaling,0.001,0.601,0.5884887262079984,1.3862261584821671,0.007292873997357674,6,0,PASS
ag_news,train,test,32,128,500,2000,247,20260801,adaptive_001,adaptive,adaptive,0.001,0.6125,0.6026183255496351,1.3850910663382572,0.008240244002081454,31,0,PASS
ag_news,train,test,32,128,500,2000,247,20260801,optimal_builtin,optimal,optimal,0.001,0.6125,0.6061065036347593,1.4178313750315563,0.007467890987754799,9,0,PASS
ag_news,train,test,32,128,500,2000,247,20260801,constant_01,constant,constant,0.01,0.619,0.6122907035170854,1.156047605816614,0.01242621400160715,164,0,PASS
ag_news,train,test,32,128,500,2000,247,20260801,adaptive_01,adaptive,adaptive,0.01,0.619,0.6121586511976189,1.1549744549745296,0.013340268997126259,194,0,PASS
ag_news,train,test,32,128,500,2000,314,20260801,constant_001,constant,constant,0.001,0.6105,0.606525874161198,1.3852237449760632,0.007491242999094538,6,0,PASS
ag_news,train,test,32,128,500,2000,314,20260801,invscaling_001,invscaling,invscaling,0.001,0.586,0.5790120596760444,1.3862182310257751,0.007239411002956331,6,0,PASS
ag_news,train,test,32,128,500,2000,314,20260801,adaptive_001,adaptive,adaptive,0.001,0.6105,0.606525874161198,1.3849995564685933,0.008112014009384438,31,0,PASS
ag_news,train,test,32,128,500,2000,314,20260801,optimal_builtin,optimal,optimal,0.001,0.591,0.5900416209894701,1.548673516305042,0.0075347439997131005,9,0,PASS
ag_news,train,test,32,128,500,2000,314,20260801,constant_01,constant,constant,0.01,0.6215,0.619629972155248,1.1455704372494195,0.012321218993747607,162,0,PASS
ag_news,train,test,32,128,500,2000,314,20260801,adaptive_01,adaptive,adaptive,0.01,0.6215,0.619629972155248,1.1444051709467644,0.013149773993063718,192,0,PASS
ag_news,train,test,32,128,500,2000,415,20260801,constant_001,constant,constant,0.001,0.586,0.5745213744116624,1.3850596752387199,0.006800450006267056,6,0,PASS
ag_news,train,test,32,128,500,2000,415,20260801,invscaling_001,invscaling,invscaling,0.001,0.61,0.6026790737000078,1.386209697095827,0.006894699996337295,6,0,PASS
ag_news,train,test,32,128,500,2000,415,20260801,adaptive_001,adaptive,adaptive,0.001,0.5865,0.5751379753611262,1.3848012788430797,0.008030421013245359,31,0,PASS
ag_news,train,test,32,128,500,2000,415,20260801,optimal_builtin,optimal,optimal,0.001,0.6215,0.618724466293035,1.3985318010257715,0.006949681002879515,9,0,PASS
ag_news,train,test,32,128,500,2000,415,20260801,constant_01,constant,constant,0.01,0.639,0.6341713246104859,1.1089202946835852,0.01188753500173334,169,0,PASS
ag_news,train,test,32,128,500,2000,415,20260801,adaptive_01,adaptive,adaptive,0.01,0.6395,0.6347566216689035,1.107697956874174,0.013214199992944486,199,0,PASS
ag_news,train,test,32,128,500,2000,509,20260801,constant_001,constant,constant,0.001,0.609,0.6023455436229098,1.3852303642916923,0.007266618995345198,6,0,PASS
ag_news,train,test,32,128,500,2000,509,20260801,invscaling_001,invscaling,invscaling,0.001,0.598,0.5876027997780441,1.3862201841999147,0.007235070996102877,6,0,PASS
ag_news,train,test,32,128,500,2000,509,20260801,adaptive_001,adaptive,adaptive,0.001,0.609,0.6023455436229098,1.3850076759464018,0.00798828899860382,31,0,PASS
ag_news,train,test,32,128,500,2000,509,20260801,optimal_builtin,optimal,optimal,0.001,0.598,0.5976046251813425,1.4296446280712733,0.007140753994463012,9,0,PASS
ag_news,train,test,32,128,500,2000,509,20260801,constant_01,constant,constant,0.01,0.6165,0.612328861660633,1.1429561789996556,0.012461399994208477,167,0,PASS
ag_news,train,test,32,128,500,2000,509,20260801,adaptive_01,adaptive,adaptive,0.01,0.6165,0.612328861660633,1.1418313113460854,0.013526238006306812,197,0,PASS
ag_news,train,test,64,256,500,2000,14,20260801,constant_001,constant,constant,0.001,0.275,0.14882885688735575,1.3776070411145056,0.014513187008560635,40,0,PASS
ag_news,train,test,64,256,500,2000,14,20260801,invscaling_001,invscaling,invscaling,0.001,0.626,0.6212061688505174,1.3862074080276985,0.013062914993497543,6,0,PASS
ag_news,train,test,64,256,500,2000,14,20260801,adaptive_001,adaptive,adaptive,0.001,0.2775,0.1534138592332544,1.377225215280395,0.016764056999818422,65,0,PASS
ag_news,train,test,64,256,500,2000,14,20260801,optimal_builtin,optimal,optimal,0.001,0.6895,0.6875853956789284,1.0563159096464119,0.012849614999140613,9,0,PASS
ag_news,train,test,64,256,500,2000,14,20260801,constant_01,constant,constant,0.01,0.719,0.7151946815443925,1.0315268647295648,0.02376091299811378,163,0,PASS
ag_news,train,test,64,256,500,2000,14,20260801,adaptive_01,adaptive,adaptive,0.01,0.719,0.7151946815443925,1.0300635025193878,0.02680524199968204,193,0,PASS
ag_news,train,test,64,256,500,2000,52,20260801,constant_001,constant,constant,0.001,0.5085,0.4467304520273476,1.3758058481066195,0.014935373998014256,43,0,PASS
ag_news,train,test,64,256,500,2000,52,20260801,invscaling_001,invscaling,invscaling,0.001,0.657,0.6452705315647781,1.3862048178790765,0.013157986002624966,6,0,PASS
ag_news,train,test,64,256,500,2000,52,20260801,adaptive_001,adaptive,adaptive,0.001,0.516,0.4588143554870254,1.3754060485177837,0.018279385010828264,68,0,PASS
ag_news,train,test,64,256,500,2000,52,20260801,optimal_builtin,optimal,optimal,0.001,0.692,0.6898198328916979,1.0362939465414915,0.013264160996186547,9,0,PASS
ag_news,train,test,64,256,500,2000,52,20260801,constant_01,constant,constant,0.01,0.714,0.7100642499691794,1.0276832919683894,0.023957488010637462,162,0,PASS
ag_news,train,test,64,256,500,2000,52,20260801,adaptive_01,adaptive,adaptive,0.01,0.714,0.7100642499691794,1.0262061615404448,0.02611180600069929,192,0,PASS
ag_news,train,test,64,256,500,2000,88,20260801,constant_001,constant,constant,0.001,0.28,0.16204525885484158,1.3753837099384962,0.014975664002122357,44,0,PASS
ag_news,train,test,64,256,500,2000,88,20260801,invscaling_001,invscaling,invscaling,0.001,0.6545,0.6550472784982486,1.3862048740818866,0.013561359999584965,6,0,PASS
ag_news,train,test,64,256,500,2000,88,20260801,adaptive_001,adaptive,adaptive,0.001,0.2855,0.17249761689386878,1.3749845406014742,0.016649878001771867,69,0,PASS
ag_news,train,test,64,256,500,2000,88,20260801,optimal_builtin,optimal,optimal,0.001,0.676,0.6753488678375281,1.0855392891702549,0.013362876008613966,9,0,PASS
ag_news,train,test,64,256,500,2000,88,20260801,constant_01,constant,constant,0.01,0.697,0.6959700711245196,1.0291322957425575,0.025520169001538306,161,0,PASS
ag_news,train,test,64,256,500,2000,88,20260801,adaptive_01,adaptive,adaptive,0.01,0.6975,0.6964674609154804,1.027712118859558,0.026150799996685237,191,0,PASS
ag_news,train,test,64,256,500,2000,121,20260801,constant_001,constant,constant,0.001,0.636,0.6145709792581064,1.3773823103663692,0.015431225998327136,32,0,PASS
ag_news,train,test,64,256,500,2000,121,20260801,invscaling_001,invscaling,invscaling,0.001,0.6635,0.6588598898838165,1.3862058519239366,0.012518447998445481,6,0,PASS
ag_news,train,test,64,256,500,2000,121,20260801,adaptive_001,adaptive,adaptive,0.001,0.6385,0.6176048666451244,1.3769887686372935,0.016283805991406552,57,0,PASS
ag_news,train,test,64,256,500,2000,121,20260801,optimal_builtin,optimal,optimal,0.001,0.6805,0.6772410472152502,1.0766919902744085,0.012822773001971655,9,0,PASS
ag_news,train,test,64,256,500,2000,121,20260801,constant_01,constant,constant,0.01,0.7095,0.7059853128474975,1.0250013061187824,0.023727471008896828,162,0,PASS
ag_news,train,test,64,256,500,2000,121,20260801,adaptive_01,adaptive,adaptive,0.01,0.7095,0.7059853128474975,1.023552902314152,0.025983963991166092,192,0,PASS
ag_news,train,test,64,256,500,2000,169,20260801,constant_001,constant,constant,0.001,0.4845,0.47979371990473313,1.373596601945617,0.015104559002793394,43,0,PASS
ag_news,train,test,64,256,500,2000,169,20260801,invscaling_001,invscaling,invscaling,0.001,0.669,0.6697202280454174,1.386199818801705,0.013625563005916774,6,0,PASS
ag_news,train,test,64,256,500,2000,169,20260801,adaptive_001,adaptive,adaptive,0.001,0.4935,0.4900563401732675,1.373167911864384,0.017530207012896426,68,0,PASS
ag_news,train,test,64,256,500,2000,169,20260801,optimal_builtin,optimal,optimal,0.001,0.7005,0.6991113557527042,1.0217701423619026,0.013185546995373443,9,0,PASS
ag_news,train,test,64,256,500,2000,169,20260801,constant_01,constant,constant,0.01,0.719,0.7171073771613052,1.005709110647291,0.02502121099678334,161,0,PASS
ag_news,train,test,64,256,500,2000,169,20260801,adaptive_01,adaptive,adaptive,0.01,0.719,0.7170829457470365,1.004233343235199,0.026633499990566634,191,0,PASS
ag_news,train,test,64,256,500,2000,203,20260801,constant_001,constant,constant,0.001,0.4445,0.38403288872885083,1.3766349753334821,0.01586244799545966,45,0,PASS
ag_news,train,test,64,256,500,2000,203,20260801,invscaling_001,invscaling,invscaling,0.001,0.671,0.6665462980260581,1.386202362097556,0.01279549699393101,6,0,PASS
ag_news,train,test,64,256,500,2000,203,20260801,adaptive_001,adaptive,adaptive,0.001,0.455,0.3974310955046073,1.3762365043042146,0.016366473006200977,70,0,PASS
ag_news,train,test,64,256,500,2000,203,20260801,optimal_builtin,optimal,optimal,0.001,0.693,0.6911845060429405,1.0279194649054348,0.01275085199449677,9,0,PASS
ag_news,train,test,64,256,500,2000,203,20260801,constant_01,constant,constant,0.01,0.712,0.7090841454680854,1.0191011576484048,0.02378125699760858,162,0,PASS
ag_news,train,test,64,256,500,2000,203,20260801,adaptive_01,adaptive,adaptive,0.01,0.712,0.7090841454680854,1.0176192945961173,0.026049143009004183,192,0,PASS
ag_news,train,test,64,256,500,2000,247,20260801,constant_001,constant,constant,0.001,0.3245,0.23964534462861736,1.3763005839312203,0.014891311002429575,42,0,PASS
ag_news,train,test,64,256,500,2000,247,20260801,invscaling_001,invscaling,invscaling,0.001,0.6745,0.6689755320834881,1.3862056884715648,0.013572735988418572,6,0,PASS
ag_news,train,test,64,256,500,2000,247,20260801,adaptive_001,adaptive,adaptive,0.001,0.333,0.2540138655192702,1.3759014204881375,0.016934198996750638,67,0,PASS
ag_news,train,test,64,256,500,2000,247,20260801,optimal_builtin,optimal,optimal,0.001,0.707,0.7060515354467145,0.951198313328534,0.013263669010484591,9,0,PASS
ag_news,train,test,64,256,500,2000,247,20260801,constant_01,constant,constant,0.01,0.736,0.7330824148795174,1.012636202193138,0.024487646005582064,164,0,PASS
ag_news,train,test,64,256,500,2000,247,20260801,adaptive_01,adaptive,adaptive,0.01,0.7365,0.733601529381072,1.0111099053641786,0.02712016498844605,194,0,PASS
ag_news,train,test,64,256,500,2000,314,20260801,constant_001,constant,constant,0.001,0.574,0.5539286009231005,1.377422064297169,0.014080131993978284,35,0,PASS
ag_news,train,test,64,256,500,2000,314,20260801,invscaling_001,invscaling,invscaling,0.001,0.6815,0.6763322932762017,1.3862052654656165,0.01286900600825902,6,0,PASS
ag_news,train,test,64,256,500,2000,314,20260801,adaptive_001,adaptive,adaptive,0.001,0.5855,0.5683355942675781,1.377034907783121,0.017632204995607026,60,0,PASS
ag_news,train,test,64,256,500,2000,314,20260801,optimal_builtin,optimal,optimal,0.001,0.7045,0.7037073078286953,0.9542105928496233,0.012964609006303363,9,0,PASS
ag_news,train,test,64,256,500,2000,314,20260801,constant_01,constant,constant,0.01,0.7155,0.7132475096044094,1.0186853232160225,0.023826503005693667,161,0,PASS
ag_news,train,test,64,256,500,2000,314,20260801,adaptive_01,adaptive,adaptive,0.01,0.7155,0.7132475096044094,1.0171553951466374,0.026178282001637854,191,0,PASS
ag_news,train,test,64,256,500,2000,415,20260801,constant_001,constant,constant,0.001,0.436,0.4031131571358644,1.3760059317441549,0.016745543995057233,38,0,PASS
ag_news,train,test,64,256,500,2000,415,20260801,invscaling_001,invscaling,invscaling,0.001,0.6905,0.6791661252446006,1.3861985393360818,0.012389998999424279,6,0,PASS
ag_news,train,test,64,256,500,2000,415,20260801,adaptive_001,adaptive,adaptive,0.001,0.4455,0.4157151330949569,1.3755730667335662,0.0160064230003627,63,0,PASS
ag_news,train,test,64,256,500,2000,415,20260801,optimal_builtin,optimal,optimal,0.001,0.7165,0.7157009220898713,0.9394382614727336,0.012881207003374584,9,0,PASS
ag_news,train,test,64,256,500,2000,415,20260801,constant_01,constant,constant,0.01,0.7515,0.7489579365389354,0.9902679495638154,0.023583993999636732,161,0,PASS
ag_news,train,test,64,256,500,2000,415,20260801,adaptive_01,adaptive,adaptive,0.01,0.752,0.749504772543594,0.9886812275047225,0.0261271789931925,191,0,PASS
ag_news,train,test,64,256,500,2000,509,20260801,constant_001,constant,constant,0.001,0.6745,0.6599883446325383,1.3752411988320699,0.014623772003687918,40,0,PASS
ag_news,train,test,64,256,500,2000,509,20260801,invscaling_001,invscaling,invscaling,0.001,0.709,0.7027034445023378,1.3861994494561425,0.01232664700364694,6,0,PASS
ag_news,train,test,64,256,500,2000,509,20260801,adaptive_001,adaptive,adaptive,0.001,0.6755,0.6612035189720469,1.3748232112252452,0.016678867003065534,65,0,PASS
ag_news,train,test,64,256,500,2000,509,20260801,optimal_builtin,optimal,optimal,0.001,0.6915,0.6908332895216833,1.0023094930622287,0.01317036699037999,9,0,PASS
ag_news,train,test,64,256,500,2000,509,20260801,constant_01,constant,constant,0.01,0.7325,0.7297823187337925,1.0053799165024102,0.02394208799523767,161,0,PASS
ag_news,train,test,64,256,500,2000,509,20260801,adaptive_01,adaptive,adaptive,0.01,0.7325,0.7297823187337925,1.0038647396801879,0.026043493999168277,191,0,PASS
ag_news,train,test,128,512,500,2000,14,20260801,constant_001,constant,constant,0.001,0.756,0.7482906779615971,1.350275140090343,0.034147323996876366,74,0,PASS
ag_news,train,test,128,512,500,2000,14,20260801,invscaling_001,invscaling,invscaling,0.001,0.745,0.7417800047355084,1.3861950869211006,0.023501585994381458,6,0,PASS
ag_news,train,test,128,512,500,2000,14,20260801,adaptive_001,adaptive,adaptive,0.001,0.757,0.7493978048655302,1.349589898199234,0.04185913498804439,99,0,PASS
ag_news,train,test,128,512,500,2000,14,20260801,optimal_builtin,optimal,optimal,0.001,0.7685,0.7670326839404831,0.7161183305082022,0.023550237994641066,9,0,PASS
ag_news,train,test,128,512,500,2000,14,20260801,constant_01,constant,constant,0.01,0.7875,0.7848583640126623,0.8921363449219564,0.04693800400127657,154,0,PASS
ag_news,train,test,128,512,500,2000,14,20260801,adaptive_01,adaptive,adaptive,0.01,0.7875,0.7848583640126623,0.8903755081240956,0.05224039900349453,184,0,PASS
ag_news,train,test,128,512,500,2000,52,20260801,constant_001,constant,constant,0.001,0.7515,0.7457805507264363,1.3489839648848034,0.03559223099728115,73,0,PASS
ag_news,train,test,128,512,500,2000,52,20260801,invscaling_001,invscaling,invscaling,0.001,0.7625,0.7584603037275214,1.3861918874015018,0.023857556996517815,6,0,PASS
ag_news,train,test,128,512,500,2000,52,20260801,adaptive_001,adaptive,adaptive,0.001,0.752,0.7462922886009953,1.3482894782755215,0.03857997400336899,98,0,PASS
ag_news,train,test,128,512,500,2000,52,20260801,optimal_builtin,optimal,optimal,0.001,0.765,0.7633169227740827,0.7183403956722961,0.023821265989681706,9,0,PASS
ag_news,train,test,128,512,500,2000,52,20260801,constant_01,constant,constant,0.01,0.783,0.7806592578076096,0.8924190314790695,0.04707828600658104,154,0,PASS
ag_news,train,test,128,512,500,2000,52,20260801,adaptive_01,adaptive,adaptive,0.01,0.7825,0.7801612397696157,0.8906490925280142,0.0526337110059103,184,0,PASS
ag_news,train,test,128,512,500,2000,88,20260801,constant_001,constant,constant,0.001,0.7225,0.7229251472011465,1.3451456623358886,0.0340543859929312,79,0,PASS
ag_news,train,test,128,512,500,2000,88,20260801,invscaling_001,invscaling,invscaling,0.001,0.7245,0.7236294767937466,1.3861900205531918,0.025209416999132372,6,0,PASS
ag_news,train,test,128,512,500,2000,88,20260801,adaptive_001,adaptive,adaptive,0.001,0.723,0.7232172264799045,1.344420176861683,0.03864661499392241,104,0,PASS
ag_news,train,test,128,512,500,2000,88,20260801,optimal_builtin,optimal,optimal,0.001,0.751,0.7500017454148284,0.7354671674542471,0.02435995299310889,9,0,PASS
ag_news,train,test,128,512,500,2000,88,20260801,constant_01,constant,constant,0.01,0.7775,0.7753517124570135,0.8899533937574888,0.04720376699697226,153,0,PASS
ag_news,train,test,128,512,500,2000,88,20260801,adaptive_01,adaptive,adaptive,0.01,0.7775,0.7753650126541939,0.888216322192657,0.051791906997095793,183,0,PASS
ag_news,train,test,128,512,500,2000,121,20260801,constant_001,constant,constant,0.001,0.761,0.7578128160470476,1.3485429996162581,0.03421994099335279,73,0,PASS
ag_news,train,test,128,512,500,2000,121,20260801,invscaling_001,invscaling,invscaling,0.001,0.746,0.7429727817675019,1.386190326277992,0.023744278005324304,6,0,PASS
ag_news,train,test,128,512,500,2000,121,20260801,adaptive_001,adaptive,adaptive,0.001,0.7625,0.7593598712713425,1.3478396065579599,0.038548897005966865,98,0,PASS
ag_news,train,test,128,512,500,2000,121,20260801,optimal_builtin,optimal,optimal,0.001,0.7685,0.7666737683157557,0.7201308397692767,0.023625859001185745,9,0,PASS
ag_news,train,test,128,512,500,2000,121,20260801,constant_01,constant,constant,0.01,0.781,0.7785244014047825,0.8929273557720148,0.04794227999809664,153,0,PASS
ag_news,train,test,128,512,500,2000,121,20260801,adaptive_01,adaptive,adaptive,0.01,0.7805,0.7780287092234404,0.891195024958617,0.052153926008031704,183,0,PASS
ag_news,train,test,128,512,500,2000,169,20260801,constant_001,constant,constant,0.001,0.7685,0.7659588951943506,1.3450251910890163,0.03541915699315723,78,0,PASS
ag_news,train,test,128,512,500,2000,169,20260801,invscaling_001,invscaling,invscaling,0.001,0.73,0.7255543922633263,1.3861862609485243,0.024274926996440627,6,0,PASS
ag_news,train,test,128,512,500,2000,169,20260801,adaptive_001,adaptive,adaptive,0.001,0.769,0.7664311726295676,1.344299563914947,0.04207238199887797,103,0,PASS
ag_news,train,test,128,512,500,2000,169,20260801,optimal_builtin,optimal,optimal,0.001,0.7675,0.7667691761448031,0.7269941063070353,0.024426351999863982,9,0,PASS
ag_news,train,test,128,512,500,2000,169,20260801,constant_01,constant,constant,0.01,0.7795,0.7770738140654425,0.8899423030889423,0.046794547990430146,153,0,PASS
ag_news,train,test,128,512,500,2000,169,20260801,adaptive_01,adaptive,adaptive,0.01,0.779,0.7765635570167465,0.8882201957882622,0.05285172301228158,183,0,PASS
ag_news,train,test,128,512,500,2000,203,20260801,constant_001,constant,constant,0.001,0.75,0.7444746395076283,1.3465453761232937,0.034542806999525055,76,0,PASS
ag_news,train,test,128,512,500,2000,203,20260801,invscaling_001,invscaling,invscaling,0.001,0.722,0.7177748252934009,1.3861892641020408,0.023686373999225907,6,0,PASS
ag_news,train,test,128,512,500,2000,203,20260801,adaptive_001,adaptive,adaptive,0.001,0.75,0.7445318168384173,1.3458303893907295,0.03905837699130643,101,0,PASS
ag_news,train,test,128,512,500,2000,203,20260801,optimal_builtin,optimal,optimal,0.001,0.7745,0.7729609188492685,0.7013371518685709,0.02430307399481535,9,0,PASS
ag_news,train,test,128,512,500,2000,203,20260801,constant_01,constant,constant,0.01,0.786,0.7838217407885418,0.8905180856238274,0.047204332004184835,152,0,PASS
ag_news,train,test,128,512,500,2000,203,20260801,adaptive_01,adaptive,adaptive,0.01,0.7855,0.7833666641815427,0.8887481934385907,0.05346858200209681,182,0,PASS
ag_news,train,test,128,512,500,2000,247,20260801,constant_001,constant,constant,0.001,0.771,0.768007806621787,1.3468173057494306,0.0339496130036423,75,0,PASS
ag_news,train,test,128,512,500,2000,247,20260801,invscaling_001,invscaling,invscaling,0.001,0.7675,0.7637379649597728,1.3861903505929465,0.024279040007968433,6,0,PASS
ag_news,train,test,128,512,500,2000,247,20260801,adaptive_001,adaptive,adaptive,0.001,0.771,0.7680238622468496,1.34610202333921,0.038346696994267404,100,0,PASS
ag_news,train,test,128,512,500,2000,247,20260801,optimal_builtin,optimal,optimal,0.001,0.7845,0.7841243532034646,0.6677000907509462,0.02350277300865855,9,0,PASS
ag_news,train,test,128,512,500,2000,247,20260801,constant_01,constant,constant,0.01,0.7975,0.7959306081157534,0.8790241638559609,0.04807586899551097,153,0,PASS
ag_news,train,test,128,512,500,2000,247,20260801,adaptive_01,adaptive,adaptive,0.01,0.7975,0.7959907414074695,0.8772319729819582,0.05281354700855445,183,0,PASS
ag_news,train,test,128,512,500,2000,314,20260801,constant_001,constant,constant,0.001,0.7645,0.7616502927119752,1.3488824226896983,0.0338813830021536,75,0,PASS
ag_news,train,test,128,512,500,2000,314,20260801,invscaling_001,invscaling,invscaling,0.001,0.7005,0.6946088329189918,1.3861926154720108,0.023551031001261435,6,0,PASS
ag_news,train,test,128,512,500,2000,314,20260801,adaptive_001,adaptive,adaptive,0.001,0.764,0.7611409717538736,1.3481912989702456,0.039589785010321066,100,0,PASS
ag_news,train,test,128,512,500,2000,314,20260801,optimal_builtin,optimal,optimal,0.001,0.764,0.7616695140320703,0.7184153519296309,0.024423987008049153,9,0,PASS
ag_news,train,test,128,512,500,2000,314,20260801,constant_01,constant,constant,0.01,0.775,0.7725826763957734,0.895233027690956,0.0483643340121489,154,0,PASS
ag_news,train,test,128,512,500,2000,314,20260801,adaptive_01,adaptive,adaptive,0.01,0.7755,0.7731082602397759,0.8934816415096186,0.05181226399145089,184,0,PASS
ag_news,train,test,128,512,500,2000,415,20260801,constant_001,constant,constant,0.001,0.762,0.7567167045563507,1.3462662733705562,0.03380300798744429,74,0,PASS
ag_news,train,test,128,512,500,2000,415,20260801,invscaling_001,invscaling,invscaling,0.001,0.756,0.7515699553332892,1.3861867841158806,0.023385542997857556,6,0,PASS
ag_news,train,test,128,512,500,2000,415,20260801,adaptive_001,adaptive,adaptive,0.001,0.762,0.7567167045563507,1.3455395421966467,0.03773464400728699,99,0,PASS
ag_news,train,test,128,512,500,2000,415,20260801,optimal_builtin,optimal,optimal,0.001,0.773,0.7721938490668531,0.7276105562340617,0.023898929997812957,9,0,PASS
ag_news,train,test,128,512,500,2000,415,20260801,constant_01,constant,constant,0.01,0.7835,0.7818303003237786,0.8811639509152503,0.04633747499610763,152,0,PASS
ag_news,train,test,128,512,500,2000,415,20260801,adaptive_01,adaptive,adaptive,0.01,0.7835,0.7818303003237786,0.8793991804300849,0.05171326799609233,182,0,PASS
ag_news,train,test,128,512,500,2000,509,20260801,constant_001,constant,constant,0.001,0.774,0.7698799620800905,1.3469137687747097,0.0346845729945926,74,0,PASS
ag_news,train,test,128,512,500,2000,509,20260801,invscaling_001,invscaling,invscaling,0.001,0.7495,0.740651028604665,1.386188891232931,0.023896612008684315,6,0,PASS
ag_news,train,test,128,512,500,2000,509,20260801,adaptive_001,adaptive,adaptive,0.001,0.774,0.7698747195061446,1.3461970616060965,0.03809923000517301,99,0,PASS
ag_news,train,test,128,512,500,2000,509,20260801,optimal_builtin,optimal,optimal,0.001,0.776,0.7747064825652459,0.7039787062912365,0.025023900001542643,9,0,PASS
ag_news,train,test,128,512,500,2000,509,20260801,constant_01,constant,constant,0.01,0.794,0.791799092501271,0.8824004070360586,0.04760669398820028,154,0,PASS
ag_news,train,test,128,512,500,2000,509,20260801,adaptive_01,adaptive,adaptive,0.01,0.794,0.7917994799681634,0.8806450293114368,0.052075255996896885,184,0,PASS
