dataset,train_per_class,comparison,left_schedule,right_schedule,n_pairs,mean_delta_macro_f1,std_delta_macro_f1,paired_t_statistic,p_value,p_value_method,holm_p,holm_significant_0_05
ag_news,128,optimal_builtin_minus_constant_01,optimal_builtin,constant_01,10,-0.014298255356577328,0.00499794420667406,-9.046730340268489,8.183722997323366e-06,scipy.stats.ttest_1samp_on_seed_deltas,0.000491023379839402,True
ag_news,64,optimal_builtin_minus_constant_01,optimal_builtin,constant_01,10,-0.024189195756562053,0.008572550927283656,-8.923009499420251,9.159209757646114e-06,scipy.stats.ttest_1samp_on_seed_deltas,0.0005403933757011207,True
ag_news,64,optimal_builtin_minus_adaptive_01,optimal_builtin,adaptive_01,10,-0.024343086644852584,0.008638403475126554,-8.91132247969383,9.257772923678028e-06,scipy.stats.ttest_1samp_on_seed_deltas,0.0005403933757011207,True
ag_news,128,optimal_builtin_minus_adaptive_01,optimal_builtin,adaptive_01,10,-0.014162291449053333,0.005043237184756571,-8.880228358384601,9.525735050330078e-06,scipy.stats.ttest_1samp_on_seed_deltas,0.0005429668978688144,True
ag_news,64,invscaling_001_minus_adaptive_01,invscaling_001,adaptive_01,10,-0.05361871367790753,0.019696524930863542,-8.608486066743852,1.2266563232582231e-05,scipy.stats.ttest_1samp_on_seed_deltas,0.0006869275410246049,True
ag_news,64,invscaling_001_minus_constant_01,invscaling_001,constant_01,10,-0.05346482278961699,0.019647653203837667,-8.605130239139372,1.2305423462247398e-05,scipy.stats.ttest_1samp_on_seed_deltas,0.0006869275410246049,True
ag_news,128,invscaling_001_minus_constant_01,invscaling_001,constant_01,10,-0.04616924014749045,0.017114658731971728,-8.530696345853336,1.3203110782303533e-05,scipy.stats.ttest_1samp_on_seed_deltas,0.0007129679822443908,True
ag_news,128,invscaling_001_minus_adaptive_01,invscaling_001,adaptive_01,10,-0.04603327623996646,0.01725627944160533,-8.435769806035523,1.445395298121041e-05,scipy.stats.ttest_1samp_on_seed_deltas,0.0007660595080041517,True
ag_news,128,constant_001_minus_constant_01,constant_001,constant_01,10,-0.0280934475264219,0.012999543034434017,-6.834031109754662,7.608465447230399e-05,scipy.stats.ttest_1samp_on_seed_deltas,0.003956402032559808,True
ag_news,128,constant_001_minus_adaptive_01,constant_001,adaptive_01,10,-0.027957483618897903,0.012962237531312995,-6.820529686251547,7.724788332757104e-05,scipy.stats.ttest_1samp_on_seed_deltas,0.003956402032559808,True
ag_news,128,adaptive_001_minus_constant_01,adaptive_001,constant_01,10,-0.027744552912365283,0.01292824359549705,-6.786380471411524,8.027767961912562e-05,scipy.stats.ttest_1samp_on_seed_deltas,0.004013883980956281,True
ag_news,128,adaptive_001_minus_adaptive_01,adaptive_001,adaptive_01,10,-0.02760858900484129,0.012900013230733575,-6.7679019143002215,8.197107233322653e-05,scipy.stats.ttest_1samp_on_seed_deltas,0.0040165825443281,True
ag_news,16,invscaling_001_minus_adaptive_01,invscaling_001,adaptive_01,10,-0.04436178013058647,0.02097643728732689,-6.687706990023952,8.978591650327218e-05,scipy.stats.ttest_1samp_on_seed_deltas,0.0043097239921570645,True
ag_news,16,invscaling_001_minus_constant_01,invscaling_001,constant_01,10,-0.044233485801682994,0.02105708981579296,-6.642825062992677,9.451189884203667e-05,scipy.stats.ttest_1samp_on_seed_deltas,0.004442059245575723,True
ag_news,32,optimal_builtin_minus_adaptive_01,optimal_builtin,adaptive_01,10,-0.022329089710993354,0.011024716278332127,-6.404770860520707,0.0001245724946963322,scipy.stats.ttest_1samp_on_seed_deltas,0.005730334756031281,True
ag_news,32,optimal_builtin_minus_constant_01,optimal_builtin,constant_01,10,-0.022311927990632707,0.01112136861607189,-6.3442291929879575,0.00013378501135502413,scipy.stats.ttest_1samp_on_seed_deltas,0.006020325510976086,True
ag_news,64,constant_001_minus_adaptive_001,constant_001,adaptive_001,10,-0.009640864280964393,0.0048895830984750374,-6.235110259178803,0.0001523208340698608,scipy.stats.ttest_1samp_on_seed_deltas,0.0067021166990738745,True
ag_news,128,invscaling_001_minus_optimal_builtin,invscaling_001,optimal_builtin,10,-0.031870984790913125,0.018266372267306975,-5.517510633036582,0.0003716765162566892,scipy.stats.ttest_1samp_on_seed_deltas,0.015982090199037634,True
ag_news,64,constant_001_minus_constant_01,constant_001,constant_01,10,-0.30857984148902784,0.17846586817696744,-5.467797002794003,0.000396391303344025,scipy.stats.ttest_1samp_on_seed_deltas,0.01664843474044905,True
ag_news,64,constant_001_minus_adaptive_01,constant_001,adaptive_01,10,-0.3087337323773184,0.17860928967235715,-5.466131054146937,0.00039724975137592916,scipy.stats.ttest_1samp_on_seed_deltas,0.01664843474044905,True
ag_news,16,adaptive_001_minus_constant_01,adaptive_001,constant_01,10,-0.01988339447346384,0.011764908166604856,-5.344437309780996,0.0004657459073357074,scipy.stats.ttest_1samp_on_seed_deltas,0.018629836293428296,True
ag_news,64,adaptive_001_minus_constant_01,adaptive_001,constant_01,10,-0.29893897720806345,0.17696620751701542,-5.341856293596332,0.00046733043512462233,scipy.stats.ttest_1samp_on_seed_deltas,0.018629836293428296,True
ag_news,64,adaptive_001_minus_adaptive_01,adaptive_001,adaptive_01,10,-0.29909286809635394,0.17710804422182294,-5.3403260097671295,0.0004682726532355921,scipy.stats.ttest_1samp_on_seed_deltas,0.018629836293428296,True
ag_news,16,constant_001_minus_constant_01,constant_001,constant_01,10,-0.01979294125822017,0.011780434932434492,-5.313112489384118,0.00048537606872377996,scipy.stats.ttest_1samp_on_seed_deltas,0.018629836293428296,True
ag_news,16,adaptive_001_minus_adaptive_01,adaptive_001,adaptive_01,10,-0.020011688802367318,0.012006651541507452,-5.270621556992622,0.0005134463009867827,scipy.stats.ttest_1samp_on_seed_deltas,0.018629836293428296,True
ag_news,16,constant_001_minus_adaptive_01,constant_001,adaptive_01,10,-0.019921235587123647,0.012024878586098632,-5.238845266424522,0.0005355836802423884,scipy.stats.ttest_1samp_on_seed_deltas,0.018745428808483594,True
ag_news,32,invscaling_001_minus_constant_01,invscaling_001,constant_01,10,-0.032586017367306375,0.02007062962384719,-5.134170511126181,0.0006161090230712446,scipy.stats.ttest_1samp_on_seed_deltas,0.020947706784422315,True
ag_news,32,invscaling_001_minus_adaptive_01,invscaling_001,adaptive_01,10,-0.03260317908766702,0.02009830733794741,-5.129800392928397,0.000619743501029808,scipy.stats.ttest_1samp_on_seed_deltas,0.020947706784422315,True
ag_news,64,constant_001_minus_optimal_builtin,constant_001,optimal_builtin,10,-0.28439064573246575,0.17921187104260547,-5.0182065536653715,0.0007208483018196195,scipy.stats.ttest_1samp_on_seed_deltas,0.023067145658227824,True
ag_news,64,adaptive_001_minus_optimal_builtin,adaptive_001,optimal_builtin,10,-0.27474978145150136,0.17756758024333638,-4.892982687659463,0.000855894781853814,scipy.stats.ttest_1samp_on_seed_deltas,0.026532738237468233,True
ag_news,64,constant_001_minus_invscaling_001,constant_001,invscaling_001,10,-0.25511501869941083,0.16665235238684956,-4.840882908954636,0.0009198958511506426,scipy.stats.ttest_1samp_on_seed_deltas,0.027596875534519276,True
ag_news,64,invscaling_001_minus_adaptive_001,invscaling_001,adaptive_001,10,0.24547415441844653,0.16508023104898162,4.702304023525686,0.0011165418391143878,scipy.stats.ttest_1samp_on_seed_deltas,0.032379713334317245,True
ag_news,64,invscaling_001_minus_optimal_builtin,invscaling_001,optimal_builtin,10,-0.02927562703305494,0.020113105691262352,-4.602852626298744,0.0012852971335502545,scipy.stats.ttest_1samp_on_seed_deltas,0.035988319739407124,True
ag_news,128,constant_001_minus_optimal_builtin,constant_001,optimal_builtin,10,-0.013795192169844572,0.010011537344095137,-4.357395524490458,0.0018304023708344563,scipy.stats.ttest_1samp_on_seed_deltas,0.04942086401253032,True
ag_news,128,adaptive_001_minus_optimal_builtin,adaptive_001,optimal_builtin,10,-0.013446297555787957,0.009968966756006156,-4.265329337870115,0.0020946544394810545,scipy.stats.ttest_1samp_on_seed_deltas,0.054461015426507414,False
ag_news,32,adaptive_001_minus_constant_01,adaptive_001,constant_01,10,-0.029524456672905076,0.02386094676845582,-3.912859396206562,0.003549286608914096,scipy.stats.ttest_1samp_on_seed_deltas,0.08873216522285239,False
ag_news,32,constant_001_minus_constant_01,constant_001,constant_01,10,-0.029586116767851455,0.023946318727989316,-3.907052151475543,0.003580774844421175,scipy.stats.ttest_1samp_on_seed_deltas,0.08873216522285239,False
ag_news,32,adaptive_001_minus_adaptive_01,adaptive_001,adaptive_01,10,-0.029541618393265724,0.02401885274638498,-3.889394754889104,0.003678346632388898,scipy.stats.ttest_1samp_on_seed_deltas,0.08873216522285239,False
ag_news,32,constant_001_minus_adaptive_01,constant_001,adaptive_01,10,-0.029603278488212103,0.024105280219784014,-3.8835386013967312,0.0037113247400603322,scipy.stats.ttest_1samp_on_seed_deltas,0.08873216522285239,False
ag_news,16,invscaling_001_minus_optimal_builtin,invscaling_001,optimal_builtin,10,-0.030730476971706683,0.025119247964306618,-3.868678749938417,0.003796417436313191,scipy.stats.ttest_1samp_on_seed_deltas,0.08873216522285239,False
ag_news,16,constant_001_minus_invscaling_001,constant_001,invscaling_001,10,0.02444054454346282,0.02074685438186129,3.725277412643065,0.0047318683259757926,scipy.stats.ttest_1samp_on_seed_deltas,0.09463736651951585,False
ag_news,16,invscaling_001_minus_adaptive_001,invscaling_001,adaptive_001,10,-0.024350091328219154,0.020796441877840514,-3.7026405902798123,0.004900484800054678,scipy.stats.ttest_1samp_on_seed_deltas,0.09463736651951585,False
ag_news,16,optimal_builtin_minus_adaptive_01,optimal_builtin,adaptive_01,10,-0.013631303158879787,0.015146972383083962,-2.8458469698174578,0.019218947249559314,scipy.stats.ttest_1samp_on_seed_deltas,0.34594105049206764,False
ag_news,16,optimal_builtin_minus_constant_01,optimal_builtin,constant_01,10,-0.01350300882997631,0.015152204520946243,-2.8180891505960117,0.020109651521736594,scipy.stats.ttest_1samp_on_seed_deltas,0.34594105049206764,False
ag_news,128,invscaling_001_minus_adaptive_001,invscaling_001,adaptive_001,10,-0.01842468723512517,0.02307563035654308,-2.524913770024277,0.03250551507358614,scipy.stats.ttest_1samp_on_seed_deltas,0.5200882411773783,False
ag_news,128,constant_001_minus_invscaling_001,constant_001,invscaling_001,10,0.018075792621068554,0.023322753090933873,2.4508545355934537,0.03670522818466358,scipy.stats.ttest_1samp_on_seed_deltas,0.5505784227699537,False
ag_news,64,constant_01_minus_adaptive_01,constant_01,adaptive_01,10,-0.00015389088829053098,0.00025378882842107324,-1.9175222218103172,0.08740267208011865,scipy.stats.ttest_1samp_on_seed_deltas,1.0,False
ag_news,128,constant_001_minus_adaptive_001,constant_001,adaptive_001,10,-0.00034889461405661625,0.0005995396027695699,-1.8402481482250888,0.09887260092878172,scipy.stats.ttest_1samp_on_seed_deltas,1.0,False
ag_news,16,constant_001_minus_adaptive_001,constant_001,adaptive_001,10,9.045321524366878e-05,0.00019225068561520644,1.4878395930819552,0.17096824349672338,scipy.stats.ttest_1samp_on_seed_deltas,1.0,False
ag_news,128,constant_01_minus_adaptive_01,constant_01,adaptive_01,10,0.0001359639075239949,0.00034259779990951676,1.2549865395104223,0.24109128080851416,scipy.stats.ttest_1samp_on_seed_deltas,1.0,False
ag_news,32,invscaling_001_minus_optimal_builtin,invscaling_001,optimal_builtin,10,-0.010274089376673668,0.026603113647435842,-1.2212676961427757,0.2530105236984266,scipy.stats.ttest_1samp_on_seed_deltas,1.0,False
ag_news,16,adaptive_001_minus_optimal_builtin,adaptive_001,optimal_builtin,10,-0.0063803856434875295,0.019042754552972958,-1.0595395181685885,0.31696031329092955,scipy.stats.ttest_1samp_on_seed_deltas,1.0,False
ag_news,16,constant_001_minus_optimal_builtin,constant_001,optimal_builtin,10,-0.00628993242824386,0.01903554003871955,-1.044914552534133,0.32331448616199143,scipy.stats.ttest_1samp_on_seed_deltas,1.0,False
ag_news,32,constant_001_minus_adaptive_001,constant_001,adaptive_001,10,-6.166009494638081e-05,0.0001949863407728012,-1.0000000000000002,0.3434363961379133,scipy.stats.ttest_1samp_on_seed_deltas,1.0,False
ag_news,32,constant_001_minus_optimal_builtin,constant_001,optimal_builtin,10,-0.007274188777218749,0.030435302826488275,-0.7558000916628483,0.46908778006458013,scipy.stats.ttest_1samp_on_seed_deltas,1.0,False
ag_news,32,adaptive_001_minus_optimal_builtin,adaptive_001,optimal_builtin,10,-0.007212528682272368,0.030352686695807856,-0.7514332603849432,0.4715834541287274,scipy.stats.ttest_1samp_on_seed_deltas,1.0,False
ag_news,16,constant_01_minus_adaptive_01,constant_01,adaptive_01,10,-0.00012829432890347768,0.0005743972178559577,-0.7063096366171822,0.4978712627917786,scipy.stats.ttest_1samp_on_seed_deltas,1.0,False
ag_news,32,invscaling_001_minus_adaptive_001,invscaling_001,adaptive_001,10,-0.0030615606944012995,0.01730322865483348,-0.5595201440310617,0.5894578805151168,scipy.stats.ttest_1samp_on_seed_deltas,1.0,False
ag_news,32,constant_001_minus_invscaling_001,constant_001,invscaling_001,10,0.0029999005994549187,0.0174250679297988,0.5444178861511936,0.5993809881664394,scipy.stats.ttest_1samp_on_seed_deltas,1.0,False
ag_news,32,constant_01_minus_adaptive_01,constant_01,adaptive_01,10,-1.716172036064778e-05,0.00025711220690797593,-0.21107564498467138,0.8375301351380273,scipy.stats.ttest_1samp_on_seed_deltas,1.0,False
